season,week,network,window,map_slot,selected_image_url,selected_local_path,page_source,map_revision,sha256,width,height,legend_source,legend_status,legend_color_count,expected_color_count,unresolved_colors,legend_colors,dma_rows,ok_rows,review_rows,notes
2021,1,CBS,EARLY,CBS_EARLY,https://506sports.com/2021/01-CBS-E.png,map_archive\2021\week_01\2021_w01_CBS_EARLY_live_01.png,live,0,9663cef4d004cf41d9871abc13aaf5223c9f511289022c752546e24b24a73c84,1000,552,https://506sports.com/nfl.php?yr=2021&wk=1,resolved,5,5,,"{""blue"": ""Jacksonville @ Houston"", ""green"": ""NY Jets @ Carolina"", ""orange"": ""Arizona @ Tennessee"", ""red"": ""Pittsburgh @ Buffalo"", ""yellow"": ""LA Chargers @ Washington""}",206,197,17,
2021,1,CBS,LATE,CBS_LATE,https://506sports.com/2021/01-CBS-L.png,map_archive\2021\week_01\2021_w01_CBS_EARLY_live_02.png,live,0,4d667e73c611561ca011712f2ca7889169266ec14244cd1144de000217e006a9,1000,552,https://506sports.com/nfl.php?yr=2021&wk=1,resolved,2,2,,"{""blue"": ""Miami @ New England"", ""red"": ""Cleveland @ Kansas City""}",206,203,6,
2021,1,FOX,EARLY,FOX_EARLY,https://506sports.com/2021/01-FOX-E.png,map_archive\2021\week_01\2021_w01_FOX_EARLY_live_03.png,live,0,d102f6aedfe1d069d66c1b44214483e09a55492582c83278fd2ed6d0fba4d2c5,1000,552,https://506sports.com/nfl.php?yr=2021&wk=1,resolved,4,4,,"{""blue"": ""Seattle @ Indianapolis"", ""green"": ""San Francisco @ Detroit"", ""red"": ""Philadelphia @ Atlanta"", ""yellow"": ""Minnesota @ Cincinnati""}",206,197,16,
2021,1,FOX,LATE,FOX_LATE,https://506sports.com/2021/01-FOX-L-V3.png,map_archive\2021\week_01\2021_w01_FOX_EARLY_live_04.png,live,3,05b030705245ede86f28ab39556760197f1e1aa946bbe016864b831ab82a7bba,1000,552,https://506sports.com/nfl.php?yr=2021&wk=1,resolved,2,2,,"{""blue"": ""Denver @ NY Giants"", ""red"": ""Green Bay @ New Orleans (in Jacksonville)""}",206,203,7,
2021,2,CBS,EARLY,CBS_EARLY,https://506sports.com/2021/02-CBS-E-V2.png,map_archive\2021\week_02\2021_w02_CBS_EARLY_live_01.png,live,2,fd5e9e1805d3ea447364eed8cd051afa197ebc3b5ab6089a831792093b729167,1000,552,https://506sports.com/nfl.php?yr=2021&wk=2,resolved,4,4,,"{""blue"": ""New England @ NY Jets"", ""green"": ""Houston @ Cleveland"", ""red"": ""Las Vegas @ Pittsburgh"", ""yellow"": ""Denver @ Jacksonville""}",206,199,19,
2021,2,CBS,LATE,CBS_LATE,https://506sports.com/2021/02-CBS-L-V3.png,map_archive\2021\week_02\2021_w02_CBS_EARLY_live_02.png,live,3,72614fef3b990d8d2a722d72e9b51f65fac463f3b40c207f11eace055f968373,1000,552,https://506sports.com/nfl.php?yr=2021&wk=2,resolved,2,2,,"{""blue"": ""Tennessee @ Seattle"", ""red"": ""Dallas @ LA Chargers""}",206,204,7,
2021,2,FOX,SINGLE,FOX_SINGLE,https://506sports.com/2021/02-FOX-V4.png,map_archive\2021\week_02\2021_w02_FOX_EARLY_live_03.png,live,4,09becb26363bea9fb49857449dfd61df7f300d6617bd2f897342763600947862,1000,552,https://506sports.com/nfl.php?yr=2021&wk=2,resolved,7,6,,"{""blue"": ""San Francisco @ Philadelphia"", ""green"": ""LA Rams @ Indianapolis"", ""light_blue"": ""Buffalo @ Miami"", ""orange"": ""New Orleans @ Carolina"", ""purple"": ""Minnesota @ Arizona (LATE)"", ""red"": ""Atlanta @ Tampa Bay (LATE)"", ""yellow"": ""Cincinnati @ Chicago""}",206,186,34,
2021,3,CBS,SINGLE,CBS_SINGLE,https://506sports.com/2021/03-CBS-V3.png,map_archive\2021\week_03\2021_w03_CBS_SINGLE_live_01.png,live,3,f4a22382ca1e11226141e7c96f4a8e77d29f2950143c14c2bf13f3fcfaab0964,1000,552,https://506sports.com/nfl.php?yr=2021&wk=3,resolved,6,6,,"{""blue"": ""Miami @ Las Vegas (LATE)"", ""green"": ""Cincinnati @ Pittsburgh"", ""light_blue"": ""NY Jets @ Denver (LATE)"", ""orange"": ""Indianapolis @ Tennessee"", ""red"": ""LA Chargers @ Kansas City"", ""yellow"": ""Baltimore @ Detroit""}",206,194,26,
2021,3,FOX,EARLY,FOX_EARLY,https://506sports.com/2021/03-FOX-E-V4.png,map_archive\2021\week_03\2021_w03_FOX_SINGLE_live_02.png,live,4,e04a60f8a9f4462f99695711c3746d7cdbb89087e5889289b18fab12f035a5fc,1000,552,https://506sports.com/nfl.php?yr=2021&wk=3,resolved,5,5,,"{""blue"": ""Atlanta @ NY Giants"", ""green"": ""New Orleans @ New England"", ""orange"": ""Arizona @ Jacksonville"", ""red"": ""Chicago @ Cleveland"", ""yellow"": ""Washington @ Buffalo""}",206,193,21,
2021,3,FOX,LATE,FOX_LATE,https://506sports.com/2021/03-FOX-L-V2.png,map_archive\2021\week_03\2021_w03_FOX_SINGLE_live_03.png,live,2,d455d35549fa13ca3a02883b31b3e36205a82a8ed69daf61cf8c05aa9deff8e8,1000,552,https://506sports.com/nfl.php?yr=2021&wk=3,resolved,2,2,,"{""blue"": ""Seattle @ Minnesota"", ""red"": ""Tampa Bay @ LA Rams""}",206,203,6,
2021,4,CBS,EARLY,CBS_EARLY,https://506sports.com/2021/04-CBS-E-V2.png,map_archive\2021\week_04\2021_w04_CBS_EARLY_live_01.png,live,2,7317f6784fc56d0537ef2c5b85babe836dd3813ff9a560d0449f6452d8dc0fff,1000,552,https://506sports.com/nfl.php?yr=2021&wk=4,resolved,5,5,,"{""blue"": ""Cleveland @ Minnesota"", ""green"": ""Tennessee @ NY Jets"", ""orange"": ""Houston @ Buffalo"", ""red"": ""Kansas City @ Philadelphia"", ""yellow"": ""Indianapolis @ Miami""}",206,196,21,
2021,4,CBS,LATE,CBS_LATE,https://506sports.com/2021/04-CBS-L-V3.png,map_archive\2021\week_04\2021_w04_CBS_EARLY_live_02.png,live,3,675152d2f2b919a31c2706045335832c0711a0860b378bff3b34c484d53ac476,1000,552,https://506sports.com/nfl.php?yr=2021&wk=4,resolved,2,2,,"{""blue"": ""Baltimore @ Denver"", ""red"": ""Pittsburgh @ Green Bay""}",206,205,5,
2021,4,FOX,SINGLE,FOX_SINGLE,https://506sports.com/2021/04-FOX-V2.png,map_archive\2021\week_04\2021_w04_FOX_EARLY_live_03.png,live,2,34a0fd4d56ccb5aef4e89cad9e0171cbafb4004785a3591d0cf35d3cb2cb4de4,1000,552,https://506sports.com/nfl.php?yr=2021&wk=4,resolved,6,6,,"{""blue"": ""NY Giants @ New Orleans"", ""green"": ""Seattle @ San Francisco (LATE)"", ""light_blue"": ""Detroit @ Chicago"", ""orange"": ""Washington @ Atlanta"", ""red"": ""Carolina @ Dallas"", ""yellow"": ""Arizona @ LA Rams (LATE)""}",206,190,35,
2021,5,CBS,SINGLE,CBS_SINGLE,https://506sports.com/2021/05-CBS.png,map_archive\2021\week_05\2021_w05_CBS_SINGLE_live_01.png,live,0,24bf3f55f531a973f0e0933fef27b9f24be8be20f480e572aa82becf850f767e,1000,552,https://506sports.com/nfl.php?yr=2021&wk=5,resolved,6,6,,"{""blue"": ""Chicago @ Las Vegas (LATE)"", ""green"": ""Cleveland @ LA Chargers (LATE)"", ""light_blue"": ""Tennessee @ Jacksonville"", ""orange"": ""New England @ Houston"", ""red"": ""Miami @ Tampa Bay"", ""yellow"": ""New Orleans @ Washington""}",206,192,31,
2021,5,FOX,EARLY,FOX_EARLY,https://506sports.com/2021/05-FOX-E-V5.png,map_archive\2021\week_05\2021_w05_FOX_SINGLE_live_02.png,live,5,50e553ab573eec9e6f214f7767aeb5333e9736ef64d3adab826b7653f4ce851e,1000,552,https://506sports.com/nfl.php?yr=2021&wk=5,resolved,4,4,,"{""blue"": ""Philadelphia @ Carolina"", ""green"": ""Denver @ Pittsburgh"", ""red"": ""Green Bay @ Cincinnati"", ""yellow"": ""Detroit @ Minnesota""}",206,193,24,
2021,5,FOX,LATE,FOX_LATE,https://506sports.com/2021/05-FOX-L-V2.png,map_archive\2021\week_05\2021_w05_FOX_SINGLE_live_03.png,live,2,0cad1b1b110afb3d62a56aedec573ec1ddee9b73ba6f54a1885fe0f731fb2f56,1000,552,https://506sports.com/nfl.php?yr=2021&wk=5,resolved,2,2,,"{""blue"": ""San Francisco @ Arizona"", ""red"": ""NY Giants @ Dallas""}",206,204,3,
2021,6,CBS,EARLY,CBS_EARLY,https://506sports.com/2021/06-CBS-E-V4.png,map_archive\2021\week_06\2021_w06_CBS_EARLY_live_01.png,live,4,cb1333d9ea6978c6b28e2725f8a83852251bd7ebbca26c355b928b62bbe59fff,1000,552,https://506sports.com/nfl.php?yr=2021&wk=6,resolved,3,3,,"{""blue"": ""LA Chargers @ Baltimore"", ""green"": ""Houston @ Indianapolis"", ""red"": ""Kansas City @ Washington""}",206,201,14,
2021,6,CBS,LATE,CBS_LATE,https://506sports.com/2021/06-CBS-L-V2.png,map_archive\2021\week_06\2021_w06_CBS_EARLY_live_02.png,live,2,0b57db798c95d9710570296ef88c8de3ecc0c348bd8463b3a84def904fe126bb,1000,552,https://506sports.com/nfl.php?yr=2021&wk=6,resolved,2,2,,"{""blue"": ""Las Vegas @ Denver"", ""red"": ""Dallas @ New England""}",206,205,1,
2021,6,FOX,SINGLE,FOX_SINGLE,https://506sports.com/2021/06-FOX-V4.png,map_archive\2021\week_06\2021_w06_FOX_EARLY_live_03.png,live,4,7d7da84b24b0ee759fd74ca18a327bd04a9a9ebd8f045699c4c3819ae2e35c16,1000,552,https://506sports.com/nfl.php?yr=2021&wk=6,resolved,5,5,,"{""blue"": ""LA Rams @ NY Giants"", ""green"": ""Arizona @ Cleveland (LATE)"", ""orange"": ""Cincinnati @ Detroit"", ""red"": ""Green Bay @ Chicago"", ""yellow"": ""Minnesota @ Carolina""}",206,188,31,
2021,7,CBS,EARLY,CBS_EARLY,https://506sports.com/2021/07-CBS-E-V2.png,map_archive\2021\week_07\2021_w07_CBS_EARLY_live_01.png,live,2,519d245168a2330aaa19d022374539e5f4858f76b4d1e7abb572dadecc04432a,1000,552,https://506sports.com/nfl.php?yr=2021&wk=7,resolved,3,3,,"{""blue"": ""Cincinnati @ Baltimore"", ""green"": ""NY Jets @ New England"", ""red"": ""Kansas City @ Tennessee""}",206,205,9,
2021,7,CBS,LATE,CBS_LATE,https://506sports.com/2021/07-CBS-L.png,map_archive\2021\week_07\2021_w07_CBS_EARLY_live_02.png,live,0,24c3158823ee0b2d808a5f593d70fb4b43e69a8a30ed465335eed6db03245a88,1000,552,https://506sports.com/nfl.php?yr=2021&wk=7,resolved,2,2,,"{""blue"": ""Houston @ Arizona"", ""red"": ""Chicago @ Tampa Bay""}",206,206,1,
2021,7,FOX,SINGLE,FOX_SINGLE,https://506sports.com/2021/07-FOX-V3.png,map_archive\2021\week_07\2021_w07_FOX_EARLY_live_03.png,live,3,d88fe61bd36834bba4e1a74fa723722c78f7d62a4c4fd2d53760f2f1b8f2e366,1000,552,https://506sports.com/nfl.php?yr=2021&wk=7,resolved,5,5,,"{""blue"": ""Philadelphia @ Las Vegas (LATE)"", ""green"": ""Carolina @ NY Giants"", ""orange"": ""Atlanta @ Miami"", ""red"": ""Washington @ Green Bay"", ""yellow"": ""Detroit @ LA Rams (LATE)""}",206,195,29,
2021,8,CBS,SINGLE,CBS_SINGLE,https://506sports.com/2021/08-CBS-V3.png,map_archive\2021\week_08\2021_w08_CBS_SINGLE_live_01.png,live,3,457408b69b6b92765419412266099c9f6bc1d4e136b1575c2ba9e11bd69020fd,1000,552,https://506sports.com/nfl.php?yr=2021&wk=8,resolved,6,6,,"{""blue"": ""New England @ LA Chargers (LATE)"", ""green"": ""Cincinnati @ NY Jets"", ""light_blue"": ""Tennessee @ Indianapolis"", ""orange"": ""Miami @ Buffalo"", ""red"": ""Pittsburgh @ Cleveland"", ""yellow"": ""Jacksonville @ Seattle (LATE)""}",206,195,26,
2021,8,FOX,EARLY,FOX_EARLY,https://506sports.com/2021/08-FOX-E.png,map_archive\2021\week_08\2021_w08_FOX_SINGLE_live_02.png,live,0,efe909845d091deff0983ae870e6d95793be7112aca0e186d667edc5686f8427,1000,552,https://506sports.com/nfl.php?yr=2021&wk=8,resolved,4,4,,"{""blue"": ""Philadelphia @ Detroit"", ""green"": ""Carolina @ Atlanta"", ""red"": ""San Francisco @ Chicago"", ""yellow"": ""LA Rams @ Houston""}",206,201,12,
2021,8,FOX,LATE,FOX_LATE,https://506sports.com/2021/08-FOX-L.png,map_archive\2021\week_08\2021_w08_FOX_SINGLE_live_03.png,live,0,cb4d2ba4ef8f7a55015a72b44eb926a7248d3b289bb2379c85fa6d485c8527d3,1000,552,https://506sports.com/nfl.php?yr=2021&wk=8,resolved,2,2,,"{""blue"": ""Washington @ Denver"", ""red"": ""Tampa Bay @ New Orleans""}",206,203,7,
2021,9,CBS,SINGLE,CBS_SINGLE,https://506sports.com/2021/09-CBS-V2.png,map_archive\2021\week_09\2021_w09_CBS_SINGLE_live_01.png,live,2,2b356234309f1c70486bcf6919fd4878ae8284351609c2c08ac8c07f1fd9c273,1000,552,https://506sports.com/nfl.php?yr=2021&wk=9,resolved,5,5,,"{""blue"": ""LA Chargers @ Philadelphia (LATE)"", ""green"": ""Las Vegas @ NY Giants"", ""orange"": ""Buffalo @ Jacksonville"", ""red"": ""Cleveland @ Cincinnati"", ""yellow"": ""New England @ Carolina""}",206,197,26,
2021,9,FOX,EARLY,FOX_EARLY,https://506sports.com/2021/09-FOX-E.png,map_archive\2021\week_09\2021_w09_FOX_SINGLE_live_02.png,live,0,1a81b8e92e449965c20bb3b0e294dba02db295701f17d635993cbba54943e254,1000,552,https://506sports.com/nfl.php?yr=2021&wk=9,resolved,4,4,,"{""blue"": ""Minnesota @ Baltimore"", ""green"": ""Atlanta @ New Orleans"", ""red"": ""Denver @ Dallas"", ""yellow"": ""Houston @ Miami""}",206,200,18,
2021,9,FOX,LATE,FOX_LATE,https://506sports.com/2021/09-FOX-L-V2.png,map_archive\2021\week_09\2021_w09_FOX_SINGLE_live_03.png,live,2,a63610b16709d64fd2aa0f8d35da45ff391a157db7a392361a40d7a11e9a42cd,1000,552,https://506sports.com/nfl.php?yr=2021&wk=9,resolved,2,2,,"{""blue"": ""Arizona @ San Francisco"", ""red"": ""Green Bay @ Kansas City""}",206,204,4,
2021,10,CBS,EARLY,CBS_EARLY,https://506sports.com/2021/10-CBS-E.png,map_archive\2021\week_10\2021_w10_CBS_EARLY_live_01.png,live,0,ec3893fa20b2bf69b56b26c4e740edcf3f36055bc0e783368ba3df1330b96100,1000,552,https://506sports.com/nfl.php?yr=2021&wk=10,resolved,4,4,,"{""blue"": ""New Orleans @ Tennessee"", ""green"": ""Buffalo @ NY Jets"", ""red"": ""Cleveland @ New England"", ""yellow"": ""Jacksonville @ Indianapolis""}",206,200,20,
2021,10,CBS,LATE,CBS_LATE,https://506sports.com/2021/10-CBS-L-V2.png,map_archive\2021\week_10\2021_w10_CBS_EARLY_live_02.png,live,2,7dc2498ba13d9e4dbe83392e0eb9e52394c6a997e2cd56d5af994538cc4c3a23,1000,552,https://506sports.com/nfl.php?yr=2021&wk=10,resolved,2,2,,"{""blue"": ""Philadelphia @ Denver"", ""red"": ""Seattle @ Green Bay""}",206,204,10,
2021,10,FOX,SINGLE,FOX_SINGLE,https://506sports.com/2021/10-FOX.png,map_archive\2021\week_10\2021_w10_FOX_EARLY_live_03.png,live,0,481a6a7b3c498f4629de0873ff83ff37a49f9c1340a5193ac79fbb60c43a256c,1000,552,https://506sports.com/nfl.php?yr=2021&wk=10,resolved,5,5,,"{""blue"": ""Minnesota @ LA Chargers (LATE)"", ""green"": ""Tampa Bay @ Washington"", ""orange"": ""Carolina @ Arizona (LATE)"", ""red"": ""Atlanta @ Dallas"", ""yellow"": ""Detroit @ Pittsburgh""}",206,185,40,
2021,11,CBS,SINGLE,CBS_SINGLE,https://506sports.com/2021/11-CBS-V2.png,map_archive\2021\week_11\2021_w11_CBS_SINGLE_live_01.png,live,2,ba937e4204f27b9fd1b9140aaa467c3214e3e7b8acb72cd551ac8571fac48cdd,1000,552,https://506sports.com/nfl.php?yr=2021&wk=11,resolved,5,5,,"{""blue"": ""Cincinnati @ Las Vegas (LATE)"", ""green"": ""Indianapolis @ Buffalo"", ""orange"": ""Houston @ Tennessee"", ""red"": ""Baltimore @ Chicago"", ""yellow"": ""Miami @ NY Jets""}",206,192,23,
2021,11,FOX,EARLY,FOX_EARLY,https://506sports.com/2021/11-FOX-E-V3.png,map_archive\2021\week_11\2021_w11_FOX_SINGLE_live_02.png,live,3,d79bd33eb74d2ef1f09387194eaa977805765aa85fac2703f2a189c36507825d,1000,552,https://506sports.com/nfl.php?yr=2021&wk=11,resolved,5,5,,"{""blue"": ""New Orleans @ Philadelphia"", ""green"": ""Washington @ Carolina"", ""orange"": ""San Francisco @ Jacksonville"", ""red"": ""Green Bay @ Minnesota"", ""yellow"": ""Detroit @ Cleveland""}",206,195,19,
2021,11,FOX,LATE,FOX_LATE,https://506sports.com/2021/11-FOX-L.png,map_archive\2021\week_11\2021_w11_FOX_SINGLE_live_03.png,live,0,9976ae634658701bbb541c20b7b8c6032d55a7d872c0bb90c0e2fdabcb564294,1000,552,https://506sports.com/nfl.php?yr=2021&wk=11,resolved,2,2,,"{""blue"": ""Arizona @ Seattle"", ""red"": ""Dallas @ Kansas City""}",206,206,1,
2021,12,CBS,SINGLE,CBS_SINGLE,https://506sports.com/2021/12-CBS-V2.png,map_archive\2021\week_12\2021_w12_CBS_SINGLE_live_01.png,live,2,7e03e9849c95bfb3e97806981000e5e7e86b7b42cf06661a79a3a9d14424d793,1000,552,https://506sports.com/nfl.php?yr=2021&wk=12,resolved,4,4,,"{""blue"": ""Pittsburgh @ Cincinnati"", ""green"": ""LA Chargers @ Denver (LATE)"", ""red"": ""Tennessee @ New England"", ""yellow"": ""NY Jets @ Houston""}",206,194,27,
2021,12,FOX,EARLY,FOX_EARLY,https://506sports.com/2021/12-FOX-E.png,map_archive\2021\week_12\2021_w12_FOX_SINGLE_live_02.png,live,0,6abcb0fc36da5d54a793e1a00ceccbc0ce31ece871974cfc263110d1c87c6108,1000,552,https://506sports.com/nfl.php?yr=2021&wk=12,resolved,4,4,,"{""blue"": ""Philadelphia @ NY Giants"", ""green"": ""Carolina @ Miami"", ""red"": ""Tampa Bay @ Indianapolis"", ""yellow"": ""Atlanta @ Jacksonville""}",206,196,22,
2021,12,FOX,LATE,FOX_LATE,https://506sports.com/2021/12-FOX-L.png,map_archive\2021\week_12\2021_w12_FOX_SINGLE_live_03.png,live,0,c4f40ef4cfc5a2ed2a597a3bf0f26b28d440e6ef812fdc6edf7212c1eca46e8b,1000,552,https://506sports.com/nfl.php?yr=2021&wk=12,resolved,2,2,,"{""blue"": ""Minnesota @ San Francisco"", ""red"": ""LA Rams @ Green Bay""}",206,203,5,
2021,13,CBS,EARLY,CBS_EARLY,https://506sports.com/2021/13-CBS-E.png,map_archive\2021\week_13\2021_w13_CBS_EARLY_live_01.png,live,0,409ac1c9f1257bac5964716ec5ffc0fb3ae07bf64a78a2051dceccb871ada6a2,1000,552,https://506sports.com/nfl.php?yr=2021&wk=13,partial,4,5,grey,"{""blue"": ""Indianapolis @ Houston"", ""green"": ""Philadelphia @ NY Jets"", ""red"": ""LA Chargers @ Cincinnati"", ""yellow"": ""Minnesota @ Detroit""}",206,198,19,
2021,13,CBS,LATE,CBS_LATE,https://506sports.com/2021/13-CBS-L-V2.png,map_archive\2021\week_13\2021_w13_CBS_EARLY_live_02.png,live,2,6927a4f1cf4f0137782d49b88b6b51fd51dbde55715e636ce488e5d6da6629f6,1000,552,https://506sports.com/nfl.php?yr=2021&wk=13,partial,2,3,grey,"{""blue"": ""San Francisco @ Seattle"", ""red"": ""Baltimore @ Pittsburgh""}",206,203,3,
2021,13,FOX,SINGLE,FOX_SINGLE,https://506sports.com/2021/13-FOX-V2.png,map_archive\2021\week_13\2021_w13_FOX_EARLY_live_03.png,live,2,bfb964878c44e577788166580a77c3dbc62cd3308afd4d74ef8431c112ccfb3e,1000,552,https://506sports.com/nfl.php?yr=2021&wk=13,resolved,5,5,,"{""blue"": ""Washington @ Las Vegas (LATE)"", ""green"": ""Arizona @ Chicago"", ""orange"": ""Jacksonville @ LA Rams (LATE)"", ""red"": ""Tampa Bay @ Atlanta"", ""yellow"": ""NY Giants @ Miami""}",206,190,29,
2021,14,CBS,EARLY,CBS_EARLY,https://506sports.com/2021/14-CBS-E-V2.png,map_archive\2021\week_14\2021_w14_CBS_EARLY_live_01.png,live,2,e3967cd1d17cbe11c47f8e3ecded36c33217b67295f20146fa42b3a77a52174f,1000,552,https://506sports.com/nfl.php?yr=2021&wk=14,resolved,4,4,,"{""blue"": ""Baltimore @ Cleveland"", ""green"": ""New Orleans @ NY Jets"", ""red"": ""Las Vegas @ Kansas City"", ""yellow"": ""Jacksonville @ Tennessee""}",206,197,17,
2021,14,CBS,LATE,CBS_LATE,https://506sports.com/2021/14-CBS-L.png,map_archive\2021\week_14\2021_w14_CBS_EARLY_live_02.png,live,0,e24e52ff558da348b7a788202d9785dbab1b5747bb21a2fc24faf472a1515a53,1000,552,https://506sports.com/nfl.php?yr=2021&wk=14,resolved,2,2,,"{""blue"": ""San Francisco @ Cincinnati"", ""red"": ""Buffalo @ Tampa Bay""}",206,202,8,
2021,14,FOX,SINGLE,FOX_SINGLE,https://506sports.com/2021/14-FOX.png,map_archive\2021\week_14\2021_w14_FOX_EARLY_live_03.png,live,0,66ab79835e69356f281e66fb590a6da1c9df631de650a3b2b705eb799bd4c5b9,1000,552,https://506sports.com/nfl.php?yr=2021&wk=14,resolved,5,5,,"{""blue"": ""NY Giants @ LA Chargers (LATE)"", ""green"": ""Atlanta @ Carolina"", ""orange"": ""Seattle @ Houston"", ""red"": ""Dallas @ Washington"", ""yellow"": ""Detroit @ Denver (LATE)""}",206,193,24,
2021,15,CBS,SINGLE,CBS_SINGLE,https://506sports.com/2021/15-CBS-V3.png,map_archive\2021\week_15\2021_w15_CBS_SINGLE_live_01.png,live,3,792dae09d37798bd2247b6d0ce8be74cb0a17a8cf93d9199737861e447e25584,1000,552,https://506sports.com/nfl.php?yr=2021&wk=15,resolved,5,5,,"{""blue"": ""Cincinnati @ Denver (LATE)"", ""green"": ""Atlanta @ San Francisco (LATE)"", ""orange"": ""Houston @ Jacksonville"", ""red"": ""Tennessee @ Pittsburgh"", ""yellow"": ""NY Jets @ Miami""}",206,194,23,
2021,15,FOX,EARLY,FOX_EARLY,https://506sports.com/2021/15-FOX-E-V2.png,map_archive\2021\week_15\2021_w15_FOX_SINGLE_live_02.png,live,2,83f619aa855f6b71cbac395d741fac7e703a53e319bc9bdf0bb9d8a0faaf4e6a,1000,552,https://506sports.com/nfl.php?yr=2021&wk=15,resolved,3,3,,"{""green"": ""Carolina @ Buffalo"", ""red"": ""Dallas @ NY Giants"", ""yellow"": ""Arizona @ Detroit""}",206,199,15,
2021,15,FOX,LATE,FOX_LATE,https://506sports.com/2021/15-FOX-L.png,map_archive\2021\week_15\2021_w15_FOX_SINGLE_wayback_06.png,wayback,0,360764497cf70f12f19d49d0e7e31fa417617cee82dbb4e521bfe6643bbe5b9d,1000,552,https://506sports.com/nfl.php?yr=2021&wk=15,partial,1,2,blue,"{""red"": ""Green Bay @ Baltimore""}",206,186,21,
2021,15,FOX,SPECIAL,FOX_SPECIAL,https://506sports.com/2021/15-FOX-T-V2.png,map_archive\2021\week_15\2021_w15_FOX_SINGLE_live_03.png,live,2,b98e5e833ad31d298272b6433d7f9aeb8c5ab3b87cd8af37ee84e83ec311d77e,1000,552,https://506sports.com/nfl.php?yr=2021&wk=15,resolved,2,2,,"{""blue"": ""Seattle @ LA Rams"", ""red"": ""Washington @ Philadelphia""}",206,200,11,
2021,16,CBS,EARLY,CBS_EARLY,https://506sports.com/2021/16-CBS-E.png,map_archive\2021\week_16\2021_w16_CBS_EARLY_live_01.png,live,0,b77d8f44568bb14af79ef3599c791cfdf99129235347202efee5be1d20ebc9f4,1000,552,https://506sports.com/nfl.php?yr=2021&wk=16,resolved,4,4,,"{""blue"": ""Baltimore @ Cincinnati"", ""green"": ""Jacksonville @ NY Jets"", ""red"": ""Buffalo @ New England"", ""yellow"": ""LA Chargers @ Houston""}",206,203,12,
2021,16,CBS,LATE,CBS_LATE,https://506sports.com/2021/16-CBS-L-V2.png,map_archive\2021\week_16\2021_w16_CBS_EARLY_live_02.png,live,2,02d0901849571a41bef376851d8587ad078e633c0c27400ba6c11d8f5cdacedb,1000,552,https://506sports.com/nfl.php?yr=2021&wk=16,resolved,2,2,,"{""blue"": ""Denver @ Las Vegas"", ""red"": ""Pittsburgh @ Kansas City""}",206,205,3,
2021,16,FOX,SINGLE,FOX_SINGLE,https://506sports.com/2021/16-FOX-V3.png,map_archive\2021\week_16\2021_w16_FOX_EARLY_live_03.png,live,3,f63febd35de1f0cc8f95be7376f09510d6eeaa115762712e0dcf06c65cc87066,1000,552,https://506sports.com/nfl.php?yr=2021&wk=16,resolved,5,5,,"{""blue"": ""NY Giants @ Philadelphia"", ""green"": ""Chicago @ Seattle (LATE)"", ""orange"": ""Detroit @ Atlanta"", ""red"": ""LA Rams @ Minnesota"", ""yellow"": ""Tampa Bay @ Carolina""}",206,191,33,
2021,17,CBS,SINGLE,CBS_SINGLE,https://506sports.com/2021/17-CBS.png,map_archive\2021\week_17\2021_w17_CBS_SINGLE_live_01.png,live,0,cdce6b365e5b11b013d6f84cf784537d2196d0d40e5066951155e58f37560ef9,1000,552,https://506sports.com/nfl.php?yr=2021&wk=17,resolved,6,6,,"{""blue"": ""NY Giants @ Chicago"", ""green"": ""Denver @ LA Chargers (LATE)"", ""light_blue"": ""Houston @ San Francisco (LATE)"", ""orange"": ""Jacksonville @ New England"", ""red"": ""Kansas City @ Cincinnati"", ""yellow"": ""Miami @ Tennessee""}",206,193,24,
2021,17,FOX,EARLY,FOX_EARLY,https://506sports.com/2021/17-FOX-E-V4.png,map_archive\2021\week_17\2021_w17_FOX_SINGLE_live_02.png,live,4,85ecbf6da0a0371eb345ce52bf2c108d3dc8e9581de9eaeb3269c6a490e2945b,1000,552,https://506sports.com/nfl.php?yr=2021&wk=17,partial,5,6,grey,"{""blue"": ""Philadelphia @ Washington"", ""green"": ""Las Vegas @ Indianapolis"", ""orange"": ""Tampa Bay @ NY Jets"", ""red"": ""LA Rams @ Baltimore"", ""yellow"": ""Atlanta @ Buffalo""}",206,196,29,
2021,17,FOX,LATE,FOX_LATE,https://506sports.com/2021/17-FOX-L-V3.png,map_archive\2021\week_17\2021_w17_FOX_SINGLE_live_03.png,live,3,4954a7d113d5f291904cb735bcb00373458c761c6e91bd67fabe499301190434,1000,552,https://506sports.com/nfl.php?yr=2021&wk=17,resolved,3,3,,"{""blue"": ""Detroit @ Seattle"", ""green"": ""Carolina @ New Orleans"", ""red"": ""Arizona @ Dallas""}",206,203,9,
2021,18,CBS,EARLY,CBS_EARLY,https://506sports.com/2021/18-CBS-E-V4.png,map_archive\2021\week_18\2021_w18_CBS_EARLY_live_01.png,live,4,9674c2e51b0224e54d712c029b4a3fff47e5586ceefe7a5cdaddd621deee56b2,1000,552,https://506sports.com/nfl.php?yr=2021&wk=18,resolved,3,3,,"{""blue"": ""Indianapolis @ Jacksonville"", ""green"": ""Tennessee @ Houston"", ""red"": ""Pittsburgh @ Baltimore""}",206,203,10,
2021,18,CBS,LATE,CBS_LATE,https://506sports.com/2021/18-CBS-L-V4.png,map_archive\2021\week_18\2021_w18_CBS_EARLY_live_02.png,live,4,b553181c4c84ea42237d21892add7a020515fbeea66d66cd7026d170a54fb8ed,1000,552,https://506sports.com/nfl.php?yr=2021&wk=18,resolved,3,3,,"{""blue"": ""NY Jets @ Buffalo"", ""green"": ""New England @ Miami"", ""red"": ""Carolina @ Tampa Bay""}",206,198,18,
2021,18,FOX,EARLY,FOX_EARLY,https://506sports.com/2021/18-FOX-E-V4.png,map_archive\2021\week_18\2021_w18_FOX_EARLY_live_03.png,live,4,4e738501c081ae0952f2c1525bd0f57a68ac3e34ddc4048e9021676500467675,1000,552,https://506sports.com/nfl.php?yr=2021&wk=18,resolved,4,4,,"{""blue"": ""Cincinnati @ Cleveland"", ""green"": ""Washington @ NY Giants"", ""red"": ""Green Bay @ Detroit"", ""yellow"": ""Chicago @ Minnesota""}",206,197,19,
2021,18,FOX,LATE,FOX_LATE,https://506sports.com/2021/18-FOX-L-V2.png,map_archive\2021\week_18\2021_w18_FOX_EARLY_live_04.png,live,2,0ec6a7530662148a755a65eca1cca77446893a93e3252b8ab29888cb94d5a1ea,1000,552,https://506sports.com/nfl.php?yr=2021&wk=18,resolved,3,3,,"{""blue"": ""Seattle @ Arizona"", ""green"": ""New Orleans @ Atlanta"", ""red"": ""San Francisco @ LA Rams""}",206,204,6,
2022,1,CBS,EARLY,CBS_EARLY,https://506sports.com/2022/01-CBS-E.png,map_archive\2022\week_01\2022_w01_CBS_EARLY_live_01.png,live,0,abe11fd22008a3f8a94649287c68261d6a19bd6e252b879510b1b0b639205e6b,1920,1080,https://506sports.com/nfl.php?yr=2022&wk=1,resolved,5,5,,"{""blue"": ""New England @ Miami"", ""green"": ""Baltimore @ NY Jets"", ""orange"": ""Indianapolis @ Houston"", ""red"": ""Pittsburgh @ Cincinnati"", ""yellow"": ""Cleveland @ Carolina""}",206,206,0,
2022,1,CBS,LATE,CBS_LATE,https://506sports.com/2022/01-CBS-L.png,map_archive\2022\week_01\2022_w01_CBS_LATE_live_02.png,live,0,72fc0613a24f040ef31c17fe0c0de317917fd6694550859ea7fb83d6af1ed370,1920,1080,https://506sports.com/nfl.php?yr=2022&wk=1,resolved,2,2,,"{""blue"": ""Las Vegas @ LA Chargers"", ""red"": ""Kansas City @ Arizona""}",206,206,0,
2022,1,FOX,EARLY,FOX_EARLY,https://506sports.com/2022/01-FOX-E-V2.png,map_archive\2022\week_01\2022_w01_FOX_EARLY_live_03.png,live,2,7a29681a27fc3b169ad03c28d58e4f6e007efc737b2b96131f5ce8ea55969d67,1920,1080,https://506sports.com/nfl.php?yr=2022&wk=1,resolved,4,4,,"{""blue"": ""Philadelphia @ Detroit"", ""green"": ""New Orleans @ Atlanta"", ""red"": ""San Francisco @ Chicago"", ""yellow"": ""Jacksonville @ Washington""}",206,206,0,
2022,1,FOX,LATE,FOX_LATE,https://506sports.com/2022/01-FOX-L-V3.png,map_archive\2022\week_01\2022_w01_FOX_LATE_live_04.png,live,3,36035816a5bd777dc5ee4b00a041705a6b45e573dd5bd1a53bbc254fda6a9658,1920,1080,https://506sports.com/nfl.php?yr=2022&wk=1,resolved,2,2,,"{""blue"": ""NY Giants @ Tennessee"", ""red"": ""Green Bay @ Minnesota""}",206,206,0,
2022,2,CBS,EARLY,CBS_EARLY,https://506sports.com/2022/02-CBS-E-V3.png,map_archive\2022\week_02\2022_w02_CBS_EARLY_live_01.png,live,3,a73f2ce313639593b57282ca769fe4514d51a975cf5705de46cc9ddf678d10ee,1920,1080,https://506sports.com/nfl.php?yr=2022&wk=2,resolved,4,4,,"{""blue"": ""Miami @ Baltimore"", ""green"": ""NY Jets @ Cleveland"", ""red"": ""New England @ Pittsburgh"", ""yellow"": ""Indianapolis @ Jacksonville""}",206,206,0,
2022,2,CBS,LATE,CBS_LATE,https://506sports.com/2022/02-CBS-L-V4.png,map_archive\2022\week_02\2022_w02_CBS_EARLY_live_02.png,live,4,24bd2d0901310282bb8a3e57ea67dfafd913a002f79b5e598750c61c17695285,1920,1080,https://506sports.com/nfl.php?yr=2022&wk=2,resolved,3,3,,"{""blue"": ""Arizona @ Las Vegas"", ""green"": ""Houston @ Denver"", ""red"": ""Cincinnati @ Dallas""}",206,206,3,
2022,2,FOX,SINGLE,FOX_SINGLE,https://506sports.com/2022/02-FOX-V3.png,map_archive\2022\week_02\2022_w02_FOX_EARLY_live_03.png,live,3,6743a38f049f56ecb25f10212125b665249d6e5f080b9fa87ad506b63432d6ea,1920,1080,https://506sports.com/nfl.php?yr=2022&wk=2,resolved,5,5,,"{""blue"": ""Carolina @ NY Giants"", ""green"": ""Atlanta @ LA Rams (LATE)"", ""orange"": ""Washington @ Detroit"", ""red"": ""Tampa Bay @ New Orleans"", ""yellow"": ""Seattle @ San Francisco (LATE)""}",206,206,1,
2022,3,CBS,SINGLE,CBS_SINGLE,https://506sports.com/2022/03-CBS-V4.png,map_archive\2022\week_03\2022_w03_CBS_SINGLE_live_01.png,live,4,c77911cf59b28e62251a64bdf6857965f595b7be25e5dcb38feb8cf0e59bf1ca,1280,720,https://506sports.com/nfl.php?yr=2022&wk=3,resolved,5,5,,"{""blue"": ""Cincinnati @ NY Jets"", ""green"": ""Buffalo @ Miami"", ""orange"": ""Houston @ Chicago"", ""red"": ""Kansas City @ Indianapolis"", ""yellow"": ""Jacksonville @ LA Chargers (LATE)""}",206,206,0,
2022,3,FOX,EARLY,FOX_EARLY,https://506sports.com/2022/03-FOX-E-V2.png,map_archive\2022\week_03\2022_w03_FOX_SINGLE_live_02.png,live,2,9d93381aff62fe627713993bae3651b34a6a33aa3594368c265f31826d9be40b,1280,720,https://506sports.com/nfl.php?yr=2022&wk=3,resolved,5,5,,"{""blue"": ""Philadelphia @ Washington"", ""green"": ""Las Vegas @ Tennessee"", ""orange"": ""New Orleans @ Carolina"", ""red"": ""Baltimore @ New England"", ""yellow"": ""Detroit @ Minnesota""}",206,206,2,
2022,3,FOX,LATE,FOX_LATE,https://506sports.com/2022/03-FOX-L-V3.png,map_archive\2022\week_03\2022_w03_FOX_SINGLE_live_03.png,live,3,f1c673fa8cb85d8be49372683e5c43c26bf1136c5a47ca5c3e09648aad421313,1280,720,https://506sports.com/nfl.php?yr=2022&wk=3,resolved,3,3,,"{""blue"": ""LA Rams @ Arizona"", ""green"": ""Atlanta @ Seattle"", ""red"": ""Green Bay @ Tampa Bay""}",206,206,1,
2022,4,CBS,EARLY,CBS_EARLY,https://506sports.com/2022/04-CBS-E-V2.png,map_archive\2022\week_04\2022_w04_CBS_EARLY_live_01.png,live,2,00139e10855e76d23b544df5e736239dbebc58fefa2a10e4fd3ac81a5f0a45d2,1280,720,https://506sports.com/nfl.php?yr=2022&wk=4,resolved,5,5,,"{""blue"": ""NY Jets @ Pittsburgh"", ""green"": ""LA Chargers @ Houston"", ""orange"": ""Cleveland @ Atlanta"", ""red"": ""Buffalo @ Baltimore"", ""yellow"": ""Jacksonville @ Philadelphia""}",206,206,1,
2022,4,CBS,LATE,CBS_LATE,https://506sports.com/2022/04-CBS-L.png,map_archive\2022\week_04\2022_w04_CBS_EARLY_live_02.png,live,0,61deb8865643802220002a5a178d92dd90af9e653e8e3ed6e205de3f04f0f9a7,1280,720,https://506sports.com/nfl.php?yr=2022&wk=4,resolved,2,2,,"{""blue"": ""Denver @ Las Vegas"", ""red"": ""New England @ Green Bay""}",206,206,1,
2022,4,FOX,SINGLE,FOX_SINGLE,https://506sports.com/2022/04-FOX.png,map_archive\2022\week_04\2022_w04_FOX_EARLY_live_03.png,live,0,30756d1a0259f922d9b34dfd7dad124918cb0ab688939dfe85a1326ac3c0afce,1280,720,https://506sports.com/nfl.php?yr=2022&wk=4,resolved,5,5,,"{""blue"": ""Chicago @ NY Giants"", ""green"": ""Arizona @ Carolina (LATE)"", ""orange"": ""Tennessee @ Indianapolis"", ""red"": ""Washington @ Dallas"", ""yellow"": ""Seattle @ Detroit""}",206,206,1,
2022,5,CBS,SINGLE,CBS_SINGLE,https://506sports.com/2022/05-CBS-V2.png,map_archive\2022\week_05\2022_w05_CBS_SINGLE_live_01.png,live,2,d69e1c1444c18dafac8508484729917489f0f91a4f20d5d7b51b16456d4dd159,1280,720,https://506sports.com/nfl.php?yr=2022&wk=5,resolved,6,6,,"{""blue"": ""San Francisco @ Carolina (LATE)"", ""green"": ""Miami @ NY Jets"", ""light_blue"": ""Houston @ Jacksonville"", ""orange"": ""Tennessee @ Washington"", ""red"": ""Pittsburgh @ Buffalo"", ""yellow"": ""LA Chargers @ Cleveland""}",206,206,0,
2022,5,FOX,EARLY,FOX_EARLY,https://506sports.com/2022/05-FOX-E-V2.png,map_archive\2022\week_05\2022_w05_FOX_SINGLE_live_02.png,live,2,23517f793306eb2f60d1a9c082dece7a286ac54d7b2ed63f6cc0b549cb5bd4f1,1280,720,https://506sports.com/nfl.php?yr=2022&wk=5,resolved,4,4,,"{""blue"": ""Chicago @ Minnesota"", ""green"": ""Detroit @ New England"", ""red"": ""Atlanta @ Tampa Bay"", ""yellow"": ""Seattle @ New Orleans""}",206,206,0,
2022,5,FOX,LATE,FOX_LATE,https://506sports.com/2022/05-FOX-L-V2.png,map_archive\2022\week_05\2022_w05_FOX_SINGLE_live_03.png,live,2,c0f17359e5626578bf95835c3a1eeac37017702924b497e70ff3b855afd81068,1280,720,https://506sports.com/nfl.php?yr=2022&wk=5,resolved,2,2,,"{""blue"": ""Philadelphia @ Arizona"", ""red"": ""Dallas @ LA Rams""}",206,206,0,
2022,6,CBS,EARLY,CBS_EARLY,https://506sports.com/2022/06-CBS-E.png,map_archive\2022\week_06\2022_w06_CBS_EARLY_live_01.png,live,0,b64152a3f84190ff5db61f8b7ea010b180426eefdd615fc4d5772403dcd8331b,1280,720,https://506sports.com/nfl.php?yr=2022&wk=6,resolved,4,4,,"{""blue"": ""New England @ Cleveland"", ""green"": ""Cincinnati @ New Orleans"", ""red"": ""Baltimore @ NY Giants"", ""yellow"": ""Jacksonville @ Indianapolis""}",206,206,0,
2022,6,FOX,SINGLE,FOX_SINGLE,https://506sports.com/2022/06-FOX-V3.png,map_archive\2022\week_06\2022_w06_FOX_UNSPECIFIED_live_02.png,live,3,cb7dbfbd3b35691c35fbc2a8f68712f374dfe2f914ecf3d3f1a461dca319c405,1280,720,https://506sports.com/nfl.php?yr=2022&wk=6,resolved,6,6,,"{""blue"": ""NY Jets @ Green Bay"", ""green"": ""Carolina @ LA Rams (LATE)"", ""light_blue"": ""Arizona @ Seattle (LATE)"", ""orange"": ""Minnesota @ Miami"", ""red"": ""Tampa Bay @ Pittsburgh"", ""yellow"": ""San Francisco @ Atlanta""}",206,206,1,
2022,7,CBS,SINGLE,CBS_SINGLE,https://506sports.com/2022/07-CBS-V2.png,map_archive\2022\week_07\2022_w07_CBS_SINGLE_live_01.png,live,2,e5cbac1d2fc96a188607b460c7feed14ad342674a601471875353b383c0a4306,1280,720,https://506sports.com/nfl.php?yr=2022&wk=7,resolved,5,5,,"{""blue"": ""NY Jets @ Denver (LATE)"", ""green"": ""Cleveland @ Baltimore"", ""orange"": ""Indianapolis @ Tennessee"", ""red"": ""Detroit @ Dallas"", ""yellow"": ""Houston @ Las Vegas (LATE)""}",206,205,2,
2022,7,FOX,EARLY,FOX_EARLY,https://506sports.com/2022/07-FOX-E-V2.png,map_archive\2022\week_07\2022_w07_FOX_SINGLE_live_02.png,live,2,5a711208f7c99d20b3014bbafcd567fbdc044dde8f34aaa76e24a27f6e172f5e,1280,720,https://506sports.com/nfl.php?yr=2022&wk=7,resolved,4,4,,"{""blue"": ""NY Giants @ Jacksonville"", ""green"": ""Tampa Bay @ Carolina"", ""red"": ""Green Bay @ Washington"", ""yellow"": ""Atlanta @ Cincinnati""}",206,206,0,
2022,7,FOX,LATE,FOX_LATE,https://506sports.com/2022/07-FOX-L-V2.png,map_archive\2022\week_07\2022_w07_FOX_SINGLE_live_03.png,live,2,4e42dd9749a38bb208ae2b5af10f26c3668b281a86eabfba96bef35af8f997b9,1280,720,https://506sports.com/nfl.php?yr=2022&wk=7,resolved,2,2,,"{""blue"": ""Seattle @ LA Chargers"", ""red"": ""Kansas City @ San Francisco""}",206,206,1,
2022,8,CBS,SINGLE,CBS_SINGLE,https://506sports.com/2022/08-CBS.png,map_archive\2022\week_08\2022_w08_CBS_SINGLE_live_01.png,live,0,cc610ea3fadec1d337a8514d76969323caad4068c080823b5a8d137b0d90cee4,1280,720,https://506sports.com/nfl.php?yr=2022&wk=8,resolved,5,5,,"{""blue"": ""New England @ NY Jets"", ""green"": ""Las Vegas @ New Orleans"", ""orange"": ""Miami @ Detroit"", ""red"": ""Pittsburgh @ Philadelphia"", ""yellow"": ""Tennessee @ Houston (LATE)""}",206,206,0,
2022,8,FOX,EARLY,FOX_EARLY,https://506sports.com/2022/08-FOX-E.png,map_archive\2022\week_08\2022_w08_FOX_SINGLE_live_02.png,live,0,85b5dd5a1ac26a0cc9da4fe9de6f5e90488a25dd053aeb736740f2ab18b654c3,1280,720,https://506sports.com/nfl.php?yr=2022&wk=8,resolved,3,3,,"{""blue"": ""Carolina @ Atlanta"", ""green"": ""Arizona @ Minnesota"", ""red"": ""Chicago @ Dallas""}",206,206,1,
2022,8,FOX,LATE,FOX_LATE,https://506sports.com/2022/08-FOX-L-V2.png,map_archive\2022\week_08\2022_w08_FOX_SINGLE_live_03.png,live,2,9f24b55732d2ef3d1675b4a647da75c60d566e00da198290551b7b7bf4f13d69,1280,720,https://506sports.com/nfl.php?yr=2022&wk=8,resolved,3,3,,"{""blue"": ""NY Giants @ Seattle"", ""green"": ""Washington @ Indianapolis"", ""red"": ""San Francisco @ LA Rams""}",206,206,1,
2022,9,CBS,EARLY,CBS_EARLY,https://506sports.com/2022/09-CBS-E-V3.png,map_archive\2022\week_09\2022_w09_CBS_EARLY_live_01.png,live,3,04a20b934060566382d81eac990d33966be1f57ea2c1382dd7dbb13fce1cd664,1280,720,https://506sports.com/nfl.php?yr=2022&wk=9,partial,4,5,grey,"{""blue"": ""Miami @ Chicago"", ""green"": ""Indianapolis @ New England"", ""red"": ""Buffalo @ NY Jets"", ""yellow"": ""Las Vegas @ Jacksonville""}",206,205,1,
2022,9,FOX,SINGLE,FOX_SINGLE,https://506sports.com/2022/09-FOX-V3.png,map_archive\2022\week_09\2022_w09_FOX_UNSPECIFIED_live_02.png,live,3,cc2293c9c5efe10efe22dbfb98f7fdcd0e066c30e6fff7747d0cd59b75576715,1280,720,https://506sports.com/nfl.php?yr=2022&wk=9,resolved,5,5,,"{""blue"": ""Seattle @ Arizona (LATE)"", ""green"": ""LA Chargers @ Atlanta"", ""orange"": ""Carolina @ Cincinnati"", ""red"": ""Green Bay @ Detroit"", ""yellow"": ""Minnesota @ Washington""}",206,206,2,
2022,10,CBS,SINGLE,CBS_SINGLE,https://506sports.com/2022/10-CBS-V3.png,map_archive\2022\week_10\2022_w10_CBS_SINGLE_live_01.png,live,3,f3c94ec5f7fdcaac35a130c320b12c9f8e9966e1af9a758f93ca274ef41b8194,1280,720,https://506sports.com/nfl.php?yr=2022&wk=10,resolved,5,5,,"{""blue"": ""Houston @ NY Giants"", ""green"": ""Indianapolis @ Las Vegas (LATE)"", ""orange"": ""Denver @ Tennessee"", ""red"": ""Jacksonville @ Kansas City"", ""yellow"": ""Cleveland @ Miami""}",206,206,1,
2022,10,FOX,EARLY,FOX_EARLY,https://506sports.com/2022/10-FOX-E.png,map_archive\2022\week_10\2022_w10_FOX_SINGLE_live_02.png,live,0,3a77859b0118c6297e1b7d0be23aa93422484ef6b6742713e7de9a11da959137,1280,720,https://506sports.com/nfl.php?yr=2022&wk=10,resolved,3,3,,"{""blue"": ""Detroit @ Chicago"", ""green"": ""New Orleans @ Pittsburgh"", ""red"": ""Minnesota @ Buffalo""}",206,206,0,
2022,10,FOX,LATE,FOX_LATE,https://506sports.com/2022/10-FOX-L-V2.png,map_archive\2022\week_10\2022_w10_FOX_SINGLE_live_03.png,live,2,77531fd0c4d2618e3266c56b80fd4d6b36fb1e11c1aa832f43b65c4740154e65,1280,720,https://506sports.com/nfl.php?yr=2022&wk=10,resolved,2,2,,"{""blue"": ""Arizona @ LA Rams"", ""red"": ""Dallas @ Green Bay""}",206,206,1,
2022,11,CBS,EARLY,CBS_EARLY,https://506sports.com/2022/11-CBS-E-V5.png,map_archive\2022\week_11\2022_w11_CBS_EARLY_live_01.png,live,5,99c7d808ec1242d3e00ee4bc025fcea6babdc27b63846e4718981cb2adbe23b4,1280,720,https://506sports.com/nfl.php?yr=2022&wk=11,resolved,3,3,,"{""blue"": ""NY Jets @ New England"", ""green"": ""Cleveland vs Buffalo (in Detroit)"", ""red"": ""Philadelphia @ Indianapolis""}",206,206,0,
2022,11,CBS,LATE,CBS_LATE,https://506sports.com/2022/11-CBS-L-V2.png,map_archive\2022\week_11\2022_w11_CBS_EARLY_live_02.png,live,2,d0cfd25308710a2e20797d418873f56bbab5707cf8054115f1b0deabb2e433e9,1280,720,https://506sports.com/nfl.php?yr=2022&wk=11,resolved,2,2,,"{""blue"": ""Cincinnati @ Pittsburgh"", ""red"": ""Dallas @ Minnesota""}",206,206,0,
2022,11,FOX,SINGLE,FOX_SINGLE,https://506sports.com/2022/11-FOX-V3.png,map_archive\2022\week_11\2022_w11_FOX_EARLY_live_03.png,live,3,43945f882fc2673c1a6ec3437882ed79b3979afc53a1818eac8a6694e836cd00,1280,720,https://506sports.com/nfl.php?yr=2022&wk=11,resolved,6,6,,"{""blue"": ""Chicago @ Atlanta"", ""green"": ""LA Rams @ New Orleans"", ""light_blue"": ""Carolina @ Baltimore"", ""orange"": ""Washington @ Houston"", ""red"": ""Detroit @ NY Giants"", ""yellow"": ""Las Vegas @ Denver (LATE)""}",206,206,0,
2022,12,CBS,SINGLE,CBS_SINGLE,https://506sports.com/2022/12-CBS.png,map_archive\2022\week_12\2022_w12_CBS_SINGLE_live_01.png,live,0,aa5c1e6e780db1fb74eb7524fc73c9dd7a8e43ae7c34e84b21235d94f4b405c0,1280,720,https://506sports.com/nfl.php?yr=2022&wk=12,resolved,5,5,,"{""blue"": ""LA Chargers @ Arizona (LATE)"", ""green"": ""Las Vegas @ Seattle (LATE)"", ""orange"": ""Houston @ Miami"", ""red"": ""Cincinnati @ Tennessee"", ""yellow"": ""Baltimore @ Jacksonville""}",206,205,1,
2022,12,FOX,EARLY,FOX_EARLY,https://506sports.com/2022/12-FOX-E.png,map_archive\2022\week_12\2022_w12_FOX_SINGLE_live_02.png,live,0,5c6662c021f7a1618b14d27defeeee3f75d47c99efab50818c8d20aba2549ff0,1280,720,https://506sports.com/nfl.php?yr=2022&wk=12,resolved,4,4,,"{""blue"": ""Chicago @ NY Jets"", ""green"": ""Atlanta @ Washington"", ""red"": ""Tampa Bay @ Cleveland"", ""yellow"": ""Denver @ Carolina""}",206,206,0,
2022,12,FOX,LATE,FOX_LATE,https://506sports.com/2022/12-FOX-L.png,map_archive\2022\week_12\2022_w12_FOX_SINGLE_live_03.png,live,0,3968b8617bbcb7c54c4a1da953c17e4584c7d7e0376c2608c8ddc846f259a7b2,1280,720,https://506sports.com/nfl.php?yr=2022&wk=12,resolved,2,2,,"{""blue"": ""New Orleans @ San Francisco"", ""red"": ""LA Rams @ Kansas City""}",206,206,0,
2022,13,CBS,EARLY,CBS_EARLY,https://506sports.com/2022/13-CBS-E-V3.png,map_archive\2022\week_13\2022_w13_CBS_EARLY_live_01.png,live,3,8a5b39254f57f259486232c16447d97601bb28267706c2cab805edd2ffdc39ea,1280,720,https://506sports.com/nfl.php?yr=2022&wk=13,resolved,4,4,,"{""blue"": ""Denver @ Baltimore"", ""green"": ""Pittsburgh @ Atlanta"", ""red"": ""NY Jets @ Minnesota"", ""yellow"": ""Cleveland @ Houston""}",206,205,1,
2022,13,CBS,LATE,CBS_LATE,https://506sports.com/2022/13-CBS-L-V2.png,map_archive\2022\week_13\2022_w13_CBS_EARLY_live_02.png,live,2,35dc2b7198b3301aaa4572293366c7d3139278634ed21868c42668ec2c123e64,1280,720,https://506sports.com/nfl.php?yr=2022&wk=13,resolved,2,2,,"{""blue"": ""LA Chargers @ Las Vegas"", ""red"": ""Kansas City @ Cincinnati""}",206,206,0,
2022,13,FOX,SINGLE,FOX_SINGLE,https://506sports.com/2022/13-FOX-V2.png,map_archive\2022\week_13\2022_w13_FOX_EARLY_live_03.png,live,2,7944d3e93efd80594dc8f309ef771855c7530f894daa73b5635090de37b8b46d,1280,720,https://506sports.com/nfl.php?yr=2022&wk=13,resolved,6,6,,"{""blue"": ""Tennessee @ Philadelphia"", ""green"": ""Green Bay @ Chicago"", ""light_blue"": ""Jacksonville @ Detroit"", ""orange"": ""Miami @ San Francisco (LATE)"", ""red"": ""Washington @ NY Giants"", ""yellow"": ""Seattle @ LA Rams (LATE)""}",206,206,0,
2022,14,CBS,SINGLE,CBS_SINGLE,https://506sports.com/2022/14-CBS-V3.png,map_archive\2022\week_14\2022_w14_CBS_SINGLE_live_01.png,live,3,b8da7abdbea45ddb6560c2f56d099e8572310336c7d01fa24fa5205e1674758e,1280,720,https://506sports.com/nfl.php?yr=2022&wk=14,resolved,5,5,,"{""blue"": ""Kansas City @ Denver (LATE)"", ""green"": ""Baltimore @ Pittsburgh"", ""orange"": ""Jacksonville @ Tennessee"", ""red"": ""NY Jets @ Buffalo"", ""yellow"": ""Cleveland @ Cincinnati""}",206,206,0,
2022,14,FOX,EARLY,FOX_EARLY,https://506sports.com/2022/14-FOX-E-V2.png,map_archive\2022\week_14\2022_w14_FOX_SINGLE_live_02.png,live,2,e4807032477e8c3f6284df48572aaf8dc430215889b8babf2c5b3017cdac7dcb,1280,720,https://506sports.com/nfl.php?yr=2022&wk=14,partial,3,4,grey,"{""blue"": ""Houston @ Dallas"", ""green"": ""Minnesota @ Detroit"", ""red"": ""Philadelphia @ NY Giants""}",206,205,1,
2022,14,FOX,LATE,FOX_LATE,https://506sports.com/2022/14-FOX-L.png,map_archive\2022\week_14\2022_w14_FOX_SINGLE_live_03.png,live,0,a706b5cc474828cbd916f2847110d08b8a759e058f516f4b48836690c4626728,1280,720,https://506sports.com/nfl.php?yr=2022&wk=14,resolved,2,2,,"{""blue"": ""Carolina @ Seattle"", ""red"": ""Tampa Bay @ San Francisco""}",206,206,0,
2022,15,CBS,EARLY,CBS_EARLY,https://506sports.com/2022/15-CBS-E-V3.png,map_archive\2022\week_15\2022_w15_CBS_EARLY_live_01.png,live,3,265f0fed623666b41355cd8dd117d3b238489e84f02217e853d82b0d5f1bf0a6,1280,720,https://506sports.com/nfl.php?yr=2022&wk=15,resolved,3,3,,"{""blue"": ""Kansas City @ Houston"", ""green"": ""Pittsburgh @ Carolina"", ""red"": ""Detroit @ NY Jets""}",206,206,0,
2022,15,CBS,LATE,CBS_LATE,https://506sports.com/2022/15-CBS-L.png,map_archive\2022\week_15\2022_w15_CBS_EARLY_live_02.png,live,0,5b1694effb724554bd93702ef2f8a10d0d47f33aa8e32e67147566658d213f2b,1280,720,https://506sports.com/nfl.php?yr=2022&wk=15,resolved,2,2,,"{""blue"": ""Tennessee @ LA Chargers"", ""red"": ""Cincinnati @ Tampa Bay""}",206,206,0,
2022,15,FOX,SINGLE,FOX_SINGLE,https://506sports.com/2022/15-FOX-V2.png,map_archive\2022\week_15\2022_w15_FOX_EARLY_live_03.png,live,2,00b7dcae3f0bed70ea4a09ace9883b7fc88e58e27a0fc679d14e7188e4b6a8c4,1280,720,https://506sports.com/nfl.php?yr=2022&wk=15,resolved,5,5,,"{""blue"": ""Philadelphia @ Chicago"", ""green"": ""New England @ Las Vegas (LATE)"", ""orange"": ""Arizona @ Denver (LATE)"", ""red"": ""Dallas @ Jacksonville"", ""yellow"": ""Atlanta @ New Orleans""}",206,206,0,
2022,16,CBS,SINGLE,CBS_SINGLE,https://506sports.com/2022/16-CBS-V2.png,map_archive\2022\week_16\2022_w16_CBS_SINGLE_live_01.png,live,2,8ce52ffc691f28d68a17214d9db035d8d9b6834f0eb55553d1261acabc041b73,1280,720,https://506sports.com/nfl.php?yr=2022&wk=16,resolved,5,5,,"{""blue"": ""Washington @ San Francisco (LATE)"", ""green"": ""Buffalo @ Chicago"", ""orange"": ""New Orleans @ Cleveland"", ""red"": ""Cincinnati @ New England"", ""yellow"": ""Houston @ Tennessee""}",206,205,1,
2022,16,FOX,EARLY,FOX_EARLY,https://506sports.com/2022/16-FOX-E-V3.png,map_archive\2022\week_16\2022_w16_FOX_SINGLE_live_02.png,live,3,c7f3ffdc5ccadd90ed565330fc970792d5956666e6ef91eda7389781b0e3e907,1280,720,https://506sports.com/nfl.php?yr=2022&wk=16,resolved,4,4,,"{""blue"": ""NY Giants @ Minnesota"", ""green"": ""Atlanta @ Baltimore"", ""red"": ""Seattle @ Kansas City"", ""yellow"": ""Detroit @ Carolina""}",206,206,0,
2022,17,CBS,EARLY,CBS_EARLY,https://506sports.com/2022/17-CBS-E-V5.png,map_archive\2022\week_17\2022_w17_CBS_EARLY_live_01.png,live,5,cc3bd31e7a46ad8aa16ba5526dd350f56a538a1048d5901f1f17ef3403c6a45d,1280,720,https://506sports.com/nfl.php?yr=2022&wk=17,resolved,4,4,,"{""blue"": ""Indianapolis @ NY Giants"", ""green"": ""Denver @ Kansas City"", ""red"": ""Miami @ New England"", ""yellow"": ""Jacksonville @ Houston""}",206,206,1,
2022,17,CBS,LATE,CBS_LATE,https://506sports.com/2022/17-CBS-L-V2.png,map_archive\2022\week_17\2022_w17_CBS_EARLY_live_02.png,live,2,342a5f595a61dbf8867896b183fd7d5182b0f53b8898240f5c6846dc5a2234da,1280,720,https://506sports.com/nfl.php?yr=2022&wk=17,resolved,2,2,,"{""blue"": ""LA Rams @ LA Chargers"", ""red"": ""Minnesota @ Green Bay""}",206,206,0,
2022,17,FOX,SINGLE,FOX_SINGLE,https://506sports.com/2022/17-FOX-V2.png,map_archive\2022\week_17\2022_w17_FOX_EARLY_live_03.png,live,2,f7ce309cc03a9beca5cd874568525161a0b571a634e715bb8c698e5bb1120457,1280,720,https://506sports.com/nfl.php?yr=2022&wk=17,resolved,7,7,,"{""blue"": ""New Orleans @ Philadelphia"", ""green"": ""Chicago @ Detroit"", ""light_blue"": ""NY Jets @ Seattle (LATE)"", ""orange"": ""Cleveland @ Washington"", ""purple"": ""Arizona @ Atlanta"", ""red"": ""Carolina @ Tampa Bay"", ""yellow"": ""San Francisco @ Las Vegas (LATE)""}",206,206,2,
2022,18,CBS,EARLY,CBS_EARLY,https://506sports.com/2022/18-CBS-E-V4.png,map_archive\2022\week_18\2022_w18_CBS_EARLY_live_01.png,live,4,9fafb0b83fe492270a896210ab9cc93d945a572f830e9f8b9e55005059eef443,1280,720,https://506sports.com/nfl.php?yr=2022&wk=18,resolved,4,4,,"{""blue"": ""Baltimore @ Cincinnati"", ""green"": ""Cleveland @ Pittsburgh"", ""red"": ""New England @ Buffalo"", ""yellow"": ""Houston @ Indianapolis""}",206,205,2,
2022,18,CBS,LATE,CBS_LATE,https://506sports.com/2022/18-CBS-L-V3.png,map_archive\2022\week_18\2022_w18_CBS_EARLY_live_02.png,live,3,441fe537d2ef37680241ca0ccb8ab5b8b8a59a62952bac14b70c0dade80e394c,1280,720,https://506sports.com/nfl.php?yr=2022&wk=18,resolved,2,2,,"{""blue"": ""LA Chargers @ Denver"", ""red"": ""NY Giants @ Philadelphia""}",206,206,0,
2022,18,FOX,EARLY,FOX_EARLY,https://506sports.com/2022/18-FOX-E-V2.png,map_archive\2022\week_18\2022_w18_FOX_EARLY_live_03.png,live,2,ca689e14af145a0cf103f4058358c442043547f7d50eeca5d52a1cb0dbe0bd8a,1280,720,https://506sports.com/nfl.php?yr=2022&wk=18,resolved,4,4,,"{""blue"": ""Minnesota @ Chicago"", ""green"": ""Tampa Bay @ Atlanta"", ""red"": ""NY Jets @ Miami"", ""yellow"": ""Carolina @ New Orleans""}",206,206,0,
2022,18,FOX,LATE,FOX_LATE,https://506sports.com/2022/18-FOX-L.png,map_archive\2022\week_18\2022_w18_FOX_EARLY_live_04.png,live,0,aeb4f82071424c27531b2d01ced80bd1283ee6b74e5220429d05286b2538c9f4,1280,720,https://506sports.com/nfl.php?yr=2022&wk=18,resolved,3,3,,"{""blue"": ""LA Rams @ Seattle"", ""green"": ""Arizona @ San Francisco"", ""red"": ""Dallas @ Washington""}",206,206,1,
2023,1,CBS,EARLY,CBS_EARLY,https://506sports.com/2023/01-CBS-E.png,map_archive\2023\week_01\2023_w01_CBS_EARLY_live_01.png,live,0,68a2a822f654216f3e16640ff79a3c275bd08178248d41ea8dbbed89a0a42c5d,1280,720,https://506sports.com/nfl.php?yr=2023&wk=1,resolved,4,4,,"{""blue"": ""Tampa Bay @ Minnesota"", ""green"": ""Houston @ Baltimore"", ""red"": ""Cincinnati @ Cleveland"", ""yellow"": ""Tennessee @ New Orleans""}",206,206,0,
2023,1,CBS,LATE,CBS_LATE,https://506sports.com/2023/01-CBS-L-V2.png,map_archive\2023\week_01\2023_w01_CBS_LATE_live_02.png,live,2,cc3a1a7f9f7c724acc3be412306a564bccd987e8aca77ac110314b9027d1c0c8,1280,720,https://506sports.com/nfl.php?yr=2023&wk=1,resolved,3,3,,"{""blue"": ""Miami @ LA Chargers"", ""green"": ""Las Vegas @ Denver"", ""red"": ""Philadelphia @ New England""}",206,206,0,
2023,1,FOX,EARLY,FOX_EARLY,https://506sports.com/2023/01-FOX-E-V3.png,map_archive\2023\week_01\2023_w01_FOX_EARLY_live_03.png,live,3,51ec007ee6ac511c9c83ccd7d96ea3ac5f7a39baa190091524de9a4d38cb121e,1280,720,https://506sports.com/nfl.php?yr=2023&wk=1,resolved,4,4,,"{""blue"": ""Arizona @ Washington"", ""green"": ""Jacksonville @ Indianapolis"", ""red"": ""San Francisco @ Pittsburgh"", ""yellow"": ""Carolina @ Atlanta""}",206,206,0,
2023,1,FOX,LATE,FOX_LATE,https://506sports.com/2023/01-FOX-L.png,map_archive\2023\week_01\2023_w01_FOX_LATE_live_04.png,live,0,d4c3aab355af1b2490e6a009625f202ad022af9875f018344bb6cd35d15d4f9f,1280,720,https://506sports.com/nfl.php?yr=2023&wk=1,resolved,2,2,,"{""blue"": ""LA Rams @ Seattle"", ""red"": ""Green Bay @ Chicago""}",206,206,0,
2023,2,CBS,EARLY,CBS_EARLY,https://506sports.com/2023/02-CBS-E-V2.png,map_archive\2023\week_02\2023_w02_CBS_EARLY_live_01.png,live,2,4ee175ff7c2a8be92dfa1d2e9ef673c0ca3f154a92d8012926ef5e48b95aaab1,1280,720,https://506sports.com/nfl.php?yr=2023&wk=2,resolved,4,4,,"{""blue"": ""Las Vegas @ Buffalo"", ""green"": ""Baltimore @ Cincinnati"", ""red"": ""Kansas City @ Jacksonville"", ""yellow"": ""LA Chargers @ Tennessee""}",206,206,0,
2023,2,CBS,LATE,CBS_LATE,https://506sports.com/2023/02-CBS-L.png,map_archive\2023\week_02\2023_w02_CBS_LATE_live_02.png,live,0,fb8d9b1e1f79fd568ebbfe899f7464f95345657f41fdcb1e2688dc36fdac9838,1280,720,https://506sports.com/nfl.php?yr=2023&wk=2,resolved,2,2,,"{""blue"": ""Washington @ Denver"", ""red"": ""NY Jets @ Dallas""}",206,206,0,
2023,2,FOX,SINGLE,FOX_SINGLE,https://506sports.com/2023/02-FOX.png,map_archive\2023\week_02\2023_w02_FOX_SINGLE_live_03.png,live,0,5f8d920969bc2ad0aad462c46b72fdb7402662de9d26ab3e40508f895441e4f0,1280,720,https://506sports.com/nfl.php?yr=2023&wk=2,resolved,6,6,,"{""blue"": ""Chicago @ Tampa Bay"", ""green"": ""NY Giants @ Arizona (LATE)"", ""light_blue"": ""Indianapolis @ Houston"", ""orange"": ""San Francisco @ LA Rams (LATE)"", ""red"": ""Seattle @ Detroit"", ""yellow"": ""Green Bay @ Atlanta""}",206,206,0,
2023,3,CBS,SINGLE,CBS_SINGLE,https://506sports.com/2023/03-CBS.png,map_archive\2023\week_03\2023_w03_CBS_SINGLE_live_01.png,live,0,2c869530bdd42a88c20a1c27f8047dcc27e49c48448de6cf75817635038a9f08,1280,720,https://506sports.com/nfl.php?yr=2023&wk=3,resolved,6,6,,"{""blue"": ""Carolina @ Seattle (LATE)"", ""green"": ""Denver @ Miami"", ""light_blue"": ""Indianapolis @ Baltimore"", ""orange"": ""Tennessee @ Cleveland"", ""red"": ""New England @ NY Jets"", ""yellow"": ""Buffalo @ Washington""}",206,206,1,
2023,3,FOX,EARLY,FOX_EARLY,https://506sports.com/2023/03-FOX-E.png,map_archive\2023\week_03\2023_w03_FOX_EARLY_live_02.png,live,0,bd5daa6ca9522bf62c7b0d3e27615dd92543b8f5fac650b34d3a48e52b785c4c,1280,720,https://506sports.com/nfl.php?yr=2023&wk=3,resolved,4,4,,"{""blue"": ""New Orleans @ Green Bay"", ""green"": ""LA Chargers @ Minnesota"", ""red"": ""Atlanta @ Detroit"", ""yellow"": ""Houston @ Jacksonville""}",206,206,0,
2023,3,FOX,LATE,FOX_LATE,https://506sports.com/2023/03-FOX-L-V2.png,map_archive\2023\week_03\2023_w03_FOX_LATE_live_03.png,live,2,d793b6acd6b541cff2fc44ffac2d521563ec74c92a64916c87e2a0a044bad1c7,1280,720,https://506sports.com/nfl.php?yr=2023&wk=3,resolved,2,2,,"{""blue"": ""Dallas @ Arizona"", ""red"": ""Chicago @ Kansas City""}",206,206,0,
2023,4,CBS,SINGLE,CBS_SINGLE,https://506sports.com/2023/04-CBS-V4.png,map_archive\2023\week_04\2023_w04_CBS_SINGLE_live_01.png,live,4,9a31d93b0438bca349adbe7ac6b9bc1e20358b6b9e43be744cf18c0ccde0e53c,1280,720,https://506sports.com/nfl.php?yr=2023&wk=4,resolved,5,5,,"{""blue"": ""Baltimore @ Cleveland"", ""green"": ""Las Vegas @ LA Chargers (LATE)"", ""orange"": ""Pittsburgh @ Houston"", ""red"": ""Miami @ Buffalo"", ""yellow"": ""Denver @ Chicago""}",206,206,1,
2023,4,FOX,EARLY,FOX_EARLY,https://506sports.com/2023/04-FOX-E-V4.png,map_archive\2023\week_04\2023_w04_FOX_EARLY_live_02.png,live,4,492c6dedb05eeee547dfcc95a3688833f0a943b38d0021fa5cb2759a7937aab8,1280,720,https://506sports.com/nfl.php?yr=2023&wk=4,resolved,5,5,,"{""blue"": ""Cincinnati @ Tennessee"", ""green"": ""LA Rams @ Indianapolis"", ""orange"": ""Minnesota @ Carolina"", ""red"": ""Washington @ Philadelphia"", ""yellow"": ""Tampa Bay @ New Orleans""}",206,205,2,
2023,4,FOX,LATE,FOX_LATE,https://506sports.com/2023/04-FOX-L-V2.png,map_archive\2023\week_04\2023_w04_FOX_LATE_live_03.png,live,2,7e025bfefd916225f3648af6f4385a4cb54e13f120d24dd6098276c77ce0c7fa,1280,720,https://506sports.com/nfl.php?yr=2023&wk=4,resolved,2,2,,"{""blue"": ""Arizona @ San Francisco"", ""red"": ""New England @ Dallas""}",206,206,0,
2023,5,CBS,EARLY,CBS_EARLY,https://506sports.com/2023/05-CBS-E-V3.png,map_archive\2023\week_05\2023_w05_CBS_EARLY_live_01.png,live,3,5fcb7fc146c94c85c94ea7d49254c0a5bfe5909df4e9a2528ee4bfe8b1d6402c,1280,720,https://506sports.com/nfl.php?yr=2023&wk=5,resolved,3,3,,"{""blue"": ""New Orleans @ New England"", ""green"": ""Tennessee @ Indianapolis"", ""red"": ""Baltimore @ Pittsburgh""}",206,206,1,
2023,5,CBS,LATE,CBS_LATE,https://506sports.com/2023/05-CBS-L.png,map_archive\2023\week_05\2023_w05_CBS_LATE_live_02.png,live,0,576de6153cf6630afaf108dcf100312aaae68d04d842903d2a3f567115326c57,1280,720,https://506sports.com/nfl.php?yr=2023&wk=5,resolved,2,2,,"{""blue"": ""NY Jets @ Denver"", ""red"": ""Kansas City @ Minnesota""}",206,206,0,
2023,5,FOX,SINGLE,FOX_SINGLE,https://506sports.com/2023/05-FOX-V2.png,map_archive\2023\week_05\2023_w05_FOX_SINGLE_live_03.png,live,2,79b3d4e0b6cc416c11d9a56d8cd216e2b934f47e791c0350fcc5914fcb676634,1280,720,https://506sports.com/nfl.php?yr=2023&wk=5,resolved,5,5,,"{""blue"": ""NY Giants @ Miami"", ""green"": ""Carolina @ Detroit"", ""orange"": ""Cincinnati @ Arizona (LATE)"", ""red"": ""Philadelphia @ LA Rams (LATE)"", ""yellow"": ""Houston @ Atlanta""}",206,206,0,
2023,6,CBS,SINGLE,CBS_SINGLE,https://506sports.com/2023/06-CBS-V3.png,map_archive\2023\week_06\2023_w06_CBS_SINGLE_live_01.png,live,3,edb806a54785d8a771d4f631ea4a3b6582694d14527a8ec696137b50a74c05bc,1280,720,https://506sports.com/nfl.php?yr=2023&wk=6,resolved,5,5,,"{""blue"": ""Seattle @ Cincinnati"", ""green"": ""Carolina @ Miami"", ""orange"": ""Indianapolis @ Jacksonville"", ""red"": ""New England @ Las Vegas (LATE)"", ""yellow"": ""Washington @ Atlanta""}",206,206,0,
2023,6,FOX,EARLY,FOX_EARLY,https://506sports.com/2023/06-FOX-E.png,map_archive\2023\week_06\2023_w06_FOX_EARLY_live_02.png,live,0,a42c6915c783254b2d780112c47576ce06097ff2fddc431d98e70178c251e07b,1280,720,https://506sports.com/nfl.php?yr=2023&wk=6,resolved,3,3,,"{""blue"": ""Minnesota @ Chicago"", ""green"": ""New Orleans @ Houston"", ""red"": ""San Francisco @ Cleveland""}",206,206,0,
2023,6,FOX,LATE,FOX_LATE,https://506sports.com/2023/06-FOX-L-V2.png,map_archive\2023\week_06\2023_w06_FOX_LATE_live_03.png,live,2,5f07977bd969fc10f06185316558ea00be53e16945bab3ae936f0f896d2cbcbb,1280,720,https://506sports.com/nfl.php?yr=2023&wk=6,resolved,3,3,,"{""blue"": ""Detroit @ Tampa Bay"", ""green"": ""Arizona @ LA Rams"", ""red"": ""Philadelphia @ NY Jets""}",206,206,0,
2023,7,CBS,EARLY,CBS_EARLY,https://506sports.com/2023/07-CBS-E-V3.png,map_archive\2023\week_07\2023_w07_CBS_EARLY_live_01.png,live,3,5c69c09eb83ee1d92cefa3cf5eacb4ccc95bbf22c22b248d548847b62cb82876,1280,720,https://506sports.com/nfl.php?yr=2023&wk=7,resolved,3,3,,"{""blue"": ""Washington @ NY Giants"", ""green"": ""Cleveland @ Indianapolis"", ""red"": ""Buffalo @ New England""}",206,206,1,
2023,7,CBS,LATE,CBS_LATE,https://506sports.com/2023/07-CBS-L.png,map_archive\2023\week_07\2023_w07_CBS_LATE_live_02.png,live,0,ff7e45d2343e63fee47095c485028cd16f2e5675f898a6e91f3f14709325565a,1280,720,https://506sports.com/nfl.php?yr=2023&wk=7,resolved,2,2,,"{""blue"": ""Green Bay @ Denver"", ""red"": ""LA Chargers @ Kansas City""}",206,206,1,
2023,7,FOX,SINGLE,FOX_SINGLE,https://506sports.com/2023/07-FOX-V2.png,map_archive\2023\week_07\2023_w07_FOX_SINGLE_live_03.png,live,2,bbe021c7c7ae079e2501f2d49f48eaac63b1edb4c179c6044c8b4c46c461a32a,1280,720,https://506sports.com/nfl.php?yr=2023&wk=7,resolved,5,5,,"{""blue"": ""Pittsburgh @ LA Rams (LATE)"", ""green"": ""Las Vegas @ Chicago"", ""orange"": ""Arizona @ Seattle (LATE)"", ""red"": ""Detroit @ Baltimore"", ""yellow"": ""Atlanta @ Tampa Bay""}",206,206,0,
2023,8,CBS,EARLY,CBS_EARLY,https://506sports.com/2023/08-CBS-E.png,map_archive\2023\week_08\2023_w08_CBS_EARLY_live_01.png,live,0,32b9d0806538e848cbd32c0a8ef6343fe3b677e3ebed2572b486382a0e1aee3e,1280,720,https://506sports.com/nfl.php?yr=2023&wk=8,resolved,4,4,,"{""blue"": ""NY Jets @ NY Giants"", ""green"": ""New England @ Miami"", ""red"": ""Jacksonville @ Pittsburgh"", ""yellow"": ""Atlanta @ Tennessee""}",206,206,0,
2023,8,CBS,LATE,CBS_LATE,https://506sports.com/2023/08-CBS-L-V2.png,map_archive\2023\week_08\2023_w08_CBS_LATE_live_02.png,live,2,d681cf08bcc40b5e7e929b9f752fe2215b4ea07688799a92f72d37388ac47402,1280,720,https://506sports.com/nfl.php?yr=2023&wk=8,resolved,3,3,,"{""blue"": ""Kansas City @ Denver"", ""green"": ""Baltimore @ Arizona"", ""red"": ""Cincinnati @ San Francisco""}",206,206,0,
2023,8,FOX,SINGLE,FOX_SINGLE,https://506sports.com/2023/08-FOX-V4.png,map_archive\2023\week_08\2023_w08_FOX_SINGLE_live_03.png,live,4,ad3941940c79e6a6d23bd89a8d3895ce03879d11a0dd909a73a3d9e5dccef639,1280,720,https://506sports.com/nfl.php?yr=2023&wk=8,resolved,6,6,,"{""blue"": ""Cleveland @ Seattle (LATE)"", ""green"": ""Philadelphia @ Washington"", ""light_blue"": ""Houston @ Carolina"", ""orange"": ""New Orleans @ Indianapolis"", ""red"": ""LA Rams @ Dallas"", ""yellow"": ""Minnesota @ Green Bay""}",206,206,1,
2023,9,CBS,SINGLE,CBS_SINGLE,https://506sports.com/2023/09-CBS-V2.png,map_archive\2023\week_09\2023_w09_CBS_SINGLE_live_01.png,live,2,0fad085bfd7aa662579eafc61dd10eb2a0bf79ca64896104a054832b2e1ccb53,1280,720,https://506sports.com/nfl.php?yr=2023&wk=9,resolved,5,5,,"{""blue"": ""Tampa Bay @ Houston"", ""green"": ""Indianapolis @ Carolina (LATE)"", ""orange"": ""Arizona @ Cleveland"", ""red"": ""Seattle @ Baltimore"", ""yellow"": ""Chicago @ New Orleans""}",206,206,0,
2023,9,FOX,EARLY,FOX_EARLY,https://506sports.com/2023/09-FOX-E-V3.png,map_archive\2023\week_09\2023_w09_FOX_EARLY_live_02.png,live,3,d16f800746886a1d288415003425cfb51aa6f0a21b523f7475629b37c3229d28,1280,720,https://506sports.com/nfl.php?yr=2023&wk=9,resolved,3,3,,"{""blue"": ""Washington @ New England"", ""green"": ""Minnesota @ Atlanta"", ""red"": ""LA Rams @ Green Bay""}",206,206,0,
2023,9,FOX,LATE,FOX_LATE,https://506sports.com/2023/09-FOX-L-V2.png,map_archive\2023\week_09\2023_w09_FOX_LATE_live_03.png,live,2,7f42cbf989b47c918d3ceb42c1991711866203de7ba31eef935c770a10458c0a,1280,720,https://506sports.com/nfl.php?yr=2023&wk=9,resolved,2,2,,"{""blue"": ""NY Giants @ Las Vegas"", ""red"": ""Dallas @ Philadelphia""}",206,206,1,
2023,10,CBS,SINGLE,CBS_SINGLE,https://506sports.com/2023/10-CBS.png,map_archive\2023\week_10\2023_w10_CBS_SINGLE_live_01.png,live,0,0af81f56972dfa743ebd425e04311b4d07aee87aafa252e7cbb89d5c9c86ae38,1280,720,https://506sports.com/nfl.php?yr=2023&wk=10,resolved,5,5,,"{""blue"": ""Green Bay @ Pittsburgh"", ""green"": ""Houston @ Cincinnati"", ""orange"": ""Atlanta @ Arizona (LATE)"", ""red"": ""Detroit @ LA Chargers (LATE)"", ""yellow"": ""Tennessee @ Tampa Bay""}",206,206,0,
2023,10,FOX,EARLY,FOX_EARLY,https://506sports.com/2023/10-FOX-E.png,map_archive\2023\week_10\2023_w10_FOX_EARLY_live_02.png,live,0,25bb3a2dac835808d2637d44b92e90196b40b9955538e82e086b5010470f8e5a,1280,720,https://506sports.com/nfl.php?yr=2023&wk=10,resolved,3,3,,"{""blue"": ""New Orleans @ Minnesota"", ""green"": ""Cleveland @ Baltimore"", ""red"": ""San Francisco @ Jacksonville""}",206,206,1,
2023,10,FOX,LATE,FOX_LATE,https://506sports.com/2023/10-FOX-L.png,map_archive\2023\week_10\2023_w10_FOX_LATE_live_03.png,live,0,2cd1ed9ec560d1d55829fa1e360dda8ef82b10a5a57855773308b0ce03ee54bc,1280,720,https://506sports.com/nfl.php?yr=2023&wk=10,resolved,2,2,,"{""blue"": ""Washington @ Seattle"", ""red"": ""NY Giants @ Dallas""}",206,206,0,
2023,11,CBS,EARLY,CBS_EARLY,https://506sports.com/2023/11-CBS-E-V2.png,map_archive\2023\week_11\2023_w11_CBS_EARLY_live_01.png,live,2,fe4c21288584b2ab46ccbab2230985229c94ed68e210b98c137dd0d044d4836d,1280,720,https://506sports.com/nfl.php?yr=2023&wk=11,resolved,4,4,,"{""blue"": ""Las Vegas @ Miami"", ""green"": ""Tennessee @ Jacksonville"", ""red"": ""Pittsburgh @ Cleveland"", ""yellow"": ""Arizona @ Houston""}",206,206,0,
2023,11,CBS,LATE,CBS_LATE,https://506sports.com/2023/11-CBS-L-V2.png,map_archive\2023\week_11\2023_w11_CBS_LATE_live_02.png,live,2,b948e194d4688b1b0d8818352e441f2832dcbd0fdc31a54561be3306b81c2a24,1280,720,https://506sports.com/nfl.php?yr=2023&wk=11,resolved,2,2,,"{""blue"": ""Seattle @ LA Rams"", ""red"": ""NY Jets @ Buffalo""}",206,206,0,
2023,11,FOX,SINGLE,FOX_SINGLE,https://506sports.com/2023/11-FOX-V2.png,map_archive\2023\week_11\2023_w11_FOX_SINGLE_live_03.png,live,2,c368f67a103dfc3652a3a07d602c2991ab0b8c651975fe5a57c4d070d4ceb1e5,1280,720,https://506sports.com/nfl.php?yr=2023&wk=11,resolved,5,5,,"{""blue"": ""Tampa Bay @ San Francisco (LATE)"", ""green"": ""LA Chargers @ Green Bay"", ""orange"": ""NY Giants @ Washington"", ""red"": ""Dallas @ Carolina"", ""yellow"": ""Chicago @ Detroit""}",206,206,0,
2023,12,CBS,EARLY,CBS_EARLY,https://506sports.com/2023/12-CBS-E-V2.png,map_archive\2023\week_12\2023_w12_CBS_EARLY_live_01.png,live,2,5280fcdbf07fc4291d423927a7a1894732299f871d83bf7f3c9604fbc932af80,1280,720,https://506sports.com/nfl.php?yr=2023&wk=12,resolved,3,3,,"{""blue"": ""Jacksonville @ Houston"", ""green"": ""Tampa Bay @ Indianapolis"", ""red"": ""Pittsburgh @ Cincinnati""}",206,206,0,
2023,12,CBS,LATE,CBS_LATE,https://506sports.com/2023/12-CBS-L.png,map_archive\2023\week_12\2023_w12_CBS_LATE_live_02.png,live,0,73053a1b1b7390afcebcd4374d5c5f2efdab70e50926686ac6ac68bd616ccafa,1280,720,https://506sports.com/nfl.php?yr=2023&wk=12,resolved,3,2,,"{""blue"": ""Kansas City @ Las Vegas"", ""grey"": ""NO GAME"", ""red"": ""Buffalo @ Philadelphia""}",206,205,2,
2023,12,FOX,SINGLE,FOX_SINGLE,https://506sports.com/2023/12-FOX-V2.png,map_archive\2023\week_12\2023_w12_FOX_SINGLE_live_03.png,live,2,2def9578da3a9b7e7c0d2b06679c8ca036d3d05a0ea9543957e98b5c12601ebd,1280,720,https://506sports.com/nfl.php?yr=2023&wk=12,resolved,5,5,,"{""blue"": ""Cleveland @ Denver (LATE)"", ""green"": ""New England @ NY Giants"", ""orange"": ""Carolina @ Tennessee"", ""red"": ""New Orleans @ Atlanta"", ""yellow"": ""LA Rams @ Arizona (LATE)""}",206,206,2,
2023,13,CBS,SINGLE,CBS_SINGLE,https://506sports.com/2023/13-CBS.png,map_archive\2023\week_13\2023_w13_CBS_SINGLE_live_01.png,live,0,987627491a346f64718bc518f9cd9e25aabfcb476346ae042d3b0ee8569c1b16,1280,720,https://506sports.com/nfl.php?yr=2023&wk=13,resolved,5,5,,"{""blue"": ""Arizona @ Pittsburgh"", ""green"": ""Indianapolis @ Tennessee"", ""orange"": ""Carolina @ Tampa Bay (LATE)"", ""red"": ""Denver @ Houston"", ""yellow"": ""LA Chargers @ New England""}",206,206,0,
2023,13,FOX,EARLY,FOX_EARLY,https://506sports.com/2023/13-FOX-E.png,map_archive\2023\week_13\2023_w13_FOX_EARLY_live_02.png,live,0,d512d839a4b3fa3ef1e11744aeb5cfc0c80eeedbfb43321cbf35e361f8259a22,1280,720,https://506sports.com/nfl.php?yr=2023&wk=13,resolved,3,3,,"{""blue"": ""Miami @ Washington"", ""green"": ""Atlanta @ NY Jets"", ""red"": ""Detroit @ New Orleans""}",206,206,0,
2023,13,FOX,LATE,FOX_LATE,https://506sports.com/2023/13-FOX-L.png,map_archive\2023\week_13\2023_w13_FOX_LATE_live_03.png,live,0,18c7c330e466e6a2f9f5dda6efa0b94639c29448604ca1c1dd456508520939e4,1280,720,https://506sports.com/nfl.php?yr=2023&wk=13,resolved,3,3,,"{""blue"": ""Cleveland @ LA Rams"", ""grey"": ""NO GAME"", ""red"": ""San Francisco @ Philadelphia""}",206,205,1,
2023,14,CBS,EARLY,CBS_EARLY,https://506sports.com/2023/14-CBS-E-V3.png,map_archive\2023\week_14\2023_w14_CBS_EARLY_live_01.png,live,3,ff4fca5968f7d9064183e04855eb214c76922009020013a63805697069eb383d,1280,720,https://506sports.com/nfl.php?yr=2023&wk=14,resolved,4,4,,"{""blue"": ""Houston @ NY Jets"", ""green"": ""Tampa Bay @ Atlanta"", ""red"": ""Jacksonville @ Cleveland"", ""yellow"": ""Indianapolis @ Cincinnati""}",206,206,1,
2023,14,CBS,LATE,CBS_LATE,https://506sports.com/2023/14-CBS-L-V2.png,map_archive\2023\week_14\2023_w14_CBS_LATE_live_02.png,live,2,af0074e1aa02db7ece713691006d06744b45e8cfe96fdd443057d63c44069678,1280,720,https://506sports.com/nfl.php?yr=2023&wk=14,resolved,2,2,,"{""blue"": ""Denver @ LA Chargers"", ""red"": ""Buffalo @ Kansas City""}",206,206,0,
2023,14,FOX,SINGLE,FOX_SINGLE,https://506sports.com/2023/14-FOX.png,map_archive\2023\week_14\2023_w14_FOX_SINGLE_live_03.png,live,0,034d2814df762423a8ef41c19330b9902b6965ea5eb3b8ca741aba44decdfab1,1280,720,https://506sports.com/nfl.php?yr=2023&wk=14,resolved,5,5,,"{""blue"": ""LA Rams @ Baltimore"", ""green"": ""Detroit @ Chicago"", ""orange"": ""Minnesota @ Las Vegas (LATE)"", ""red"": ""Seattle @ San Francisco (LATE)"", ""yellow"": ""Carolina @ New Orleans""}",206,206,0,
2023,15,CBS,SINGLE,CBS_SINGLE,https://506sports.com/2023/15-CBS-V2.png,map_archive\2023\week_15\2023_w15_CBS_SINGLE_live_01.png,live,2,588fd60ac8fb9bb8f9c54181c2e9b1fc355dc8c4ac6267a51a9c2f2b09cb978f,1280,720,https://506sports.com/nfl.php?yr=2023&wk=15,resolved,5,5,,"{""blue"": ""San Francisco @ Arizona (LATE)"", ""green"": ""Tampa Bay @ Green Bay"", ""orange"": ""Washington @ LA Rams (LATE)"", ""red"": ""NY Jets @ Miami"", ""yellow"": ""Houston @ Tennessee""}",206,206,1,
2023,15,FOX,EARLY,FOX_EARLY,https://506sports.com/2023/15-FOX-E-V3.png,map_archive\2023\week_15\2023_w15_FOX_EARLY_live_02.png,live,3,dcb1cfaa7ce767617d7b5b5c9ebe8e19546c14fcda6600df509f8b5521b1da64,1280,720,https://506sports.com/nfl.php?yr=2023&wk=15,resolved,4,4,,"{""blue"": ""NY Giants @ New Orleans"", ""green"": ""Chicago @ Cleveland"", ""red"": ""Kansas City @ New England"", ""yellow"": ""Atlanta @ Carolina""}",206,206,0,
2023,16,CBS,SINGLE,CBS_SINGLE,https://506sports.com/2023/16-CBS.png,map_archive\2023\week_16\2023_w16_CBS_SINGLE_live_01.png,live,0,73d4083b0559e6111cf93768e1b5a681a6bbdabfe8021d66651e1b781d33fbdf,1280,720,https://506sports.com/nfl.php?yr=2023&wk=16,resolved,4,4,,"{""blue"": ""Jacksonville @ Tampa Bay (LATE)"", ""green"": ""Seattle @ Tennessee"", ""red"": ""Cleveland @ Houston"", ""yellow"": ""Washington @ NY Jets""}",206,206,1,
2023,16,FOX,EARLY,FOX_EARLY,https://506sports.com/2023/16-FOX-E-V2.png,map_archive\2023\week_16\2023_w16_FOX_EARLY_live_02.png,live,2,2fb80e5100ba2fccb08b5942027ce74e33bdf1cef3b10b1338b8809ddffd2152,1280,720,https://506sports.com/nfl.php?yr=2023&wk=16,resolved,4,4,,"{""blue"": ""Indianapolis @ Atlanta"", ""green"": ""Green Bay @ Carolina"", ""grey"": ""NO GAME"", ""red"": ""Detroit @ Minnesota""}",206,205,1,
2023,16,FOX,LATE,FOX_LATE,https://506sports.com/2023/16-FOX-L.png,map_archive\2023\week_16\2023_w16_FOX_LATE_live_03.png,live,0,873184ef478f64f4981e377b513e666b9fac6d5de5d5c4ffe81c5ef1bbba49cf,1280,720,https://506sports.com/nfl.php?yr=2023&wk=16,resolved,2,2,,"{""blue"": ""Arizona @ Chicago"", ""red"": ""Dallas @ Miami""}",206,206,1,
2023,17,CBS,EARLY,CBS_EARLY,https://506sports.com/2023/17-CBS-E-V4.png,map_archive\2023\week_17\2023_w17_CBS_EARLY_live_01.png,live,4,e387150464227f601e5026a180d16ea1df1e4f3d8df8b9095f246790c93c9796,1280,720,https://506sports.com/nfl.php?yr=2023&wk=17,resolved,6,6,,"{""blue"": ""New England @ Buffalo"", ""green"": ""Las Vegas @ Indianapolis"", ""grey"": ""NO GAME"", ""orange"": ""Atlanta @ Chicago"", ""red"": ""Miami @ Baltimore"", ""yellow"": ""Carolina @ Jacksonville""}",206,204,2,
2023,17,CBS,LATE,CBS_LATE,https://506sports.com/2023/17-CBS-L-V3.png,map_archive\2023\week_17\2023_w17_CBS_LATE_live_02.png,live,3,4dd2cd8bdef7d60fb15050d630b1879262db4122dc85ea6922b931678eb9ba52,1280,720,https://506sports.com/nfl.php?yr=2023&wk=17,resolved,2,2,,"{""blue"": ""LA Chargers @ Denver"", ""red"": ""Cincinnati @ Kansas City""}",206,206,0,
2023,17,FOX,SINGLE,FOX_SINGLE,https://506sports.com/2023/17-FOX-V6.png,map_archive\2023\week_17\2023_w17_FOX_SINGLE_live_03.png,live,6,ae32887edc76cd192b1c86fce0b3a0e086a8e8363e2c7f6a3c5581ffd7f96752,1280,720,https://506sports.com/nfl.php?yr=2023&wk=17,resolved,6,6,,"{""blue"": ""Arizona @ Philadelphia"", ""green"": ""LA Rams @ NY Giants"", ""light_blue"": ""Tennessee @ Houston"", ""orange"": ""New Orleans @ Tampa Bay"", ""red"": ""Pittsburgh @ Seattle (LATE)"", ""yellow"": ""San Francisco @ Washington""}",206,206,0,
2023,18,CBS,EARLY,CBS_EARLY,https://506sports.com/2023/18-CBS-E-V6.png,map_archive\2023\week_18\2023_w18_CBS_EARLY_live_01.png,live,6,61966942bdac191bad8269abde9a34fb3a62cbcee9c2ea80d110270155469f1f,1280,720,https://506sports.com/nfl.php?yr=2023&wk=18,resolved,3,3,,"{""blue"": ""Atlanta @ New Orleans"", ""green"": ""Cleveland @ Cincinnati"", ""red"": ""Jacksonville @ Tennessee""}",206,205,1,
2023,18,CBS,LATE,CBS_LATE,https://506sports.com/2023/18-CBS-L-V6.png,map_archive\2023\week_18\2023_w18_CBS_LATE_live_02.png,live,6,51549ba1bf074ca92029ed66a262fc367ed5bb0161aa47031cc0fc5f18ebfd5a,1280,720,https://506sports.com/nfl.php?yr=2023&wk=18,resolved,3,3,,"{""blue"": ""Philadelphia @ NY Giants"", ""green"": ""Kansas City @ LA Chargers"", ""red"": ""Chicago @ Green Bay""}",206,206,0,
2023,18,FOX,EARLY,FOX_EARLY,https://506sports.com/2023/18-FOX-E-V2.png,map_archive\2023\week_18\2023_w18_FOX_EARLY_live_03.png,live,2,196c0fb87de53ae952313e49b4289e9702f2ca567b2a8ed8c43c0adf327a1e00,1280,720,https://506sports.com/nfl.php?yr=2023&wk=18,resolved,3,3,,"{""blue"": ""Tampa Bay @ Carolina"", ""green"": ""NY Jets @ New England"", ""red"": ""Minnesota @ Detroit""}",206,206,0,
2023,18,FOX,LATE,FOX_LATE,https://506sports.com/2023/18-FOX-L-V3.png,map_archive\2023\week_18\2023_w18_FOX_LATE_live_04.png,live,3,ec1abf5aeefeb2b7576e85f50d614f5548c0abb24473c56c3fb151671c2b0eee,1280,720,https://506sports.com/nfl.php?yr=2023&wk=18,resolved,4,4,,"{""blue"": ""LA Rams @ San Francisco"", ""green"": ""Seattle @ Arizona"", ""red"": ""Dallas @ Washington"", ""yellow"": ""Denver @ Las Vegas""}",206,206,1,
2024,1,CBS,SINGLE,CBS_SINGLE,https://506sports.com/2024/01-CBS-V2.png,map_archive\2024\week_01\2024_w01_CBS_SINGLE_live_01.png,live,2,04a0d7b79830c4ceb602b99911d55e8f1f45fa9f41ca744067606ae1fc0f8692,1280,720,https://506sports.com/nfl.php?yr=2024&wk=1,resolved,6,6,,"{""blue"": ""New England @ Cincinnati"", ""green"": ""Jacksonville @ Miami"", ""light_blue"": ""Arizona @ Buffalo"", ""orange"": ""Denver @ Seattle (LATE)"", ""red"": ""Las Vegas @ LA Chargers (LATE)"", ""yellow"": ""Houston @ Indianapolis""}",206,206,0,
2024,1,FOX,EARLY,FOX_EARLY,https://506sports.com/2024/01-FOX-E-V4.png,map_archive\2024\week_01\2024_w01_FOX_EARLY_live_02.png,live,4,c01eb715c5ce8fdf879e9d6fa602210ce1e794ed1ced9f3aee8c16f3bc6b4b0e,1280,720,https://506sports.com/nfl.php?yr=2024&wk=1,resolved,4,4,,"{""blue"": ""Minnesota @ NY Giants"", ""green"": ""Tennessee @ Chicago"", ""red"": ""Pittsburgh @ Atlanta"", ""yellow"": ""Carolina @ New Orleans""}",206,206,0,
2024,1,FOX,LATE,FOX_LATE,https://506sports.com/2024/01-FOX-L-V4.png,map_archive\2024\week_01\2024_w01_FOX_LATE_live_03.png,live,4,3957c2cd92634379cf33963a32c10b6e2979dc7d559b2c8fcb070e89f48a4f61,1280,720,https://506sports.com/nfl.php?yr=2024&wk=1,resolved,2,2,,"{""blue"": ""Washington @ Tampa Bay"", ""red"": ""Dallas @ Cleveland""}",206,206,1,
2024,2,CBS,EARLY,CBS_EARLY,https://506sports.com/2024/02-CBS-E-V3.png,map_archive\2024\week_02\2024_w02_CBS_EARLY_live_01.png,live,3,fe4df138f442123f70e687daac14fc454a413fa9423afc68f6619db58008c1b5,1280,720,https://506sports.com/nfl.php?yr=2024&wk=2,resolved,5,5,,"{""blue"": ""San Francisco @ Minnesota"", ""green"": ""Las Vegas @ Baltimore"", ""orange"": ""Cleveland @ Jacksonville"", ""red"": ""NY Jets @ Tennessee"", ""yellow"": ""LA Chargers @ Carolina""}",206,206,1,
2024,2,CBS,LATE,CBS_LATE,https://506sports.com/2024/02-CBS-L.png,map_archive\2024\week_02\2024_w02_CBS_LATE_live_02.png,live,0,88c33ef823a295c1fa50dd71bd5c9a8e60b12fd75c1393e924aabf68bd292e80,1280,720,https://506sports.com/nfl.php?yr=2024&wk=2,resolved,2,2,,"{""blue"": ""Pittsburgh @ Denver"", ""red"": ""Cincinnati @ Kansas City""}",206,206,1,
2024,2,FOX,SINGLE,FOX_SINGLE,https://506sports.com/2024/02-FOX-V2.png,map_archive\2024\week_02\2024_w02_FOX_SINGLE_live_03.png,live,2,d1da1ff11de4492896f733ca8b844e83dfbde6dbbe1488a9a1fd108256a48f07,1280,720,https://506sports.com/nfl.php?yr=2024&wk=2,resolved,6,6,,"{""blue"": ""Indianapolis @ Green Bay"", ""green"": ""Seattle @ New England"", ""light_blue"": ""NY Giants @ Washington"", ""orange"": ""Tampa Bay @ Detroit"", ""red"": ""New Orleans @ Dallas"", ""yellow"": ""LA Rams @ Arizona (LATE)""}",206,206,1,
2024,3,CBS,SINGLE,CBS_SINGLE,https://506sports.com/2024/03-CBS-V2a.png,map_archive\2024\week_03\2024_w03_CBS_SINGLE_live_01.png,live,0,16179b67435a5af803dfde8a52cc5674e8098a28e0a2ad0c2f6c8c5d9c510f05,1280,720,https://506sports.com/nfl.php?yr=2024&wk=3,resolved,5,5,,"{""blue"": ""Houston @ Minnesota"", ""green"": ""Miami @ Seattle (LATE)"", ""orange"": ""Carolina @ Las Vegas (LATE)"", ""red"": ""LA Chargers @ Pittsburgh"", ""yellow"": ""Chicago @ Indianapolis""}",206,206,1,
2024,3,FOX,EARLY,FOX_EARLY,https://506sports.com/2024/03-FOX-E-V2.png,map_archive\2024\week_03\2024_w03_FOX_EARLY_live_02.png,live,2,3f85ca42559266535afb52422f15be3429689f9180aa036679ca6264885bd53d,1280,720,https://506sports.com/nfl.php?yr=2024&wk=3,resolved,4,4,,"{""blue"": ""NY Giants @ Cleveland"", ""green"": ""Green Bay @ Tennessee"", ""red"": ""Philadelphia @ New Orleans"", ""yellow"": ""Denver @ Tampa Bay""}",206,206,0,
2024,3,FOX,LATE,FOX_LATE,https://506sports.com/2024/03-FOX-L-V3.png,map_archive\2024\week_03\2024_w03_FOX_LATE_live_03.png,live,3,54bbd9994a5812ab170c98908bf515fcdc82f2a752569de205dce90ba490da6c,1280,720,https://506sports.com/nfl.php?yr=2024&wk=3,resolved,3,3,,"{""blue"": ""San Francisco @ LA Rams"", ""green"": ""Detroit @ Arizona"", ""red"": ""Baltimore @ Dallas""}",206,206,0,
2024,4,CBS,EARLY,CBS_EARLY,https://506sports.com/2024/04-CBS-E-V3.png,map_archive\2024\week_04\2024_w04_CBS_EARLY_live_01.png,live,3,767b5a6263805edfdadefb279663011e0f5b74109175ea7d2ebffe73d73024d1,1280,720,https://506sports.com/nfl.php?yr=2024&wk=4,resolved,4,4,,"{""blue"": ""Minnesota @ Green Bay"", ""green"": ""Jacksonville @ Houston"", ""red"": ""Denver @ NY Jets"", ""yellow"": ""Pittsburgh @ Indianapolis""}",206,206,0,
2024,4,CBS,LATE,CBS_LATE,https://506sports.com/2024/04-CBS-L.png,map_archive\2024\week_04\2024_w04_CBS_LATE_live_02.png,live,0,5ae752b22501cc62e3c7d22d4da5711823f22b47686ee93dd357ff0d297721ec,1280,720,https://506sports.com/nfl.php?yr=2024&wk=4,resolved,2,2,,"{""blue"": ""Cleveland @ Las Vegas"", ""red"": ""Kansas City @ LA Chargers""}",206,206,0,
2024,4,FOX,SINGLE,FOX_SINGLE,https://506sports.com/2024/04-FOX-V3.png,map_archive\2024\week_04\2024_w04_FOX_SINGLE_live_03.png,live,3,2aaabf93a3d8fbd0e0dda6cb78c4b2fe6fa5d69522729b30434c2a4ad7bc8dd5,1280,720,https://506sports.com/nfl.php?yr=2024&wk=4,resolved,6,6,,"{""blue"": ""New England @ San Francisco (LATE)"", ""green"": ""New Orleans @ Atlanta"", ""light_blue"": ""Cincinnati @ Carolina"", ""orange"": ""Washington @ Arizona (LATE)"", ""red"": ""Philadelphia @ Tampa Bay"", ""yellow"": ""LA Rams @ Chicago""}",206,206,0,
2024,5,CBS,EARLY,CBS_EARLY,https://506sports.com/2024/05-CBS-E-V2.png,map_archive\2024\week_05\2024_w05_CBS_EARLY_live_01.png,live,2,2761af36b4fe67ba7bfa4c967cb7b65795b34a97315a4c5f07fa6197dd9e1638,1280,720,https://506sports.com/nfl.php?yr=2024&wk=5,resolved,3,3,,"{""blue"": ""Baltimore @ Cincinnati"", ""green"": ""Indianapolis @ Jacksonville"", ""red"": ""Buffalo @ Houston""}",206,206,0,
2024,5,CBS,LATE,CBS_LATE,https://506sports.com/2024/05-CBS-L.png,map_archive\2024\week_05\2024_w05_CBS_LATE_live_02.png,live,0,8216b8d6c3330dce1ca9c0f764cbbe3937cb52592a8fedd0cc739199bb839ff3,1280,720,https://506sports.com/nfl.php?yr=2024&wk=5,resolved,2,2,,"{""blue"": ""NY Giants @ Seattle"", ""red"": ""Green Bay @ LA Rams""}",206,206,1,
2024,5,FOX,SINGLE,FOX_SINGLE,https://506sports.com/2024/05-FOX-V4a.png,map_archive\2024\week_05\2024_w05_FOX_SINGLE_live_03.png,live,0,55ad562b92cf0c524cab7b51702fa58e096e3b1baddd4d4aef5f832d4c9b8ceb,1280,720,https://506sports.com/nfl.php?yr=2024&wk=5,resolved,5,5,,"{""blue"": ""Cleveland @ Washington"", ""green"": ""Carolina @ Chicago"", ""orange"": ""Las Vegas @ Denver (LATE)"", ""red"": ""Arizona @ San Francisco (LATE)"", ""yellow"": ""Miami @ New England""}",206,206,3,
2024,6,CBS,SINGLE,CBS_SINGLE,https://506sports.com/2024/06-CBS-V2.png,map_archive\2024\week_06\2024_w06_CBS_SINGLE_live_01.png,live,2,caabe82f8fecae22db532e168486f55173e0a760953abc0b43c5d65ddd6b1871,1280,720,https://506sports.com/nfl.php?yr=2024&wk=6,resolved,5,5,,"{""blue"": ""Pittsburgh @ Las Vegas (LATE)"", ""green"": ""Houston @ New England"", ""orange"": ""Indianapolis @ Tennessee"", ""red"": ""Washington @ Baltimore"", ""yellow"": ""LA Chargers @ Denver (LATE)""}",206,206,0,
2024,6,FOX,EARLY,FOX_EARLY,https://506sports.com/2024/06-FOX-E-V2.png,map_archive\2024\week_06\2024_w06_FOX_EARLY_live_02.png,live,2,6a843267c328be0b50752a2126012b616cdee05c077c3c7b54c5360615384b42,1280,720,https://506sports.com/nfl.php?yr=2024&wk=6,resolved,3,3,,"{""blue"": ""Cleveland @ Philadelphia"", ""green"": ""Tampa Bay @ New Orleans"", ""red"": ""Arizona @ Green Bay""}",206,206,0,
2024,6,FOX,LATE,FOX_LATE,https://506sports.com/2024/06-FOX-L-V2.png,map_archive\2024\week_06\2024_w06_FOX_LATE_live_03.png,live,2,fed93d69f5ea30eb7be27ed0b1746443924a613460ccc35fa8726e68f7bd9b3a,1280,720,https://506sports.com/nfl.php?yr=2024&wk=6,resolved,2,2,,"{""blue"": ""Atlanta @ Carolina"", ""red"": ""Detroit @ Dallas""}",206,206,0,
2024,7,CBS,SINGLE,CBS_SINGLE,https://506sports.com/2024/07-CBS-V2.png,map_archive\2024\week_07\2024_w07_CBS_SINGLE_live_01.png,live,2,26b7819dd7ba67cace45c729020c40b35896ef0e07306c04aad347907cc1e184,1280,720,https://506sports.com/nfl.php?yr=2024&wk=7,resolved,5,5,,"{""blue"": ""Carolina @ Washington (LATE)"", ""green"": ""Las Vegas @ LA Rams (LATE)"", ""orange"": ""Cincinnati @ Cleveland"", ""red"": ""Houston @ Green Bay"", ""yellow"": ""Tennessee @ Buffalo""}",206,206,0,
2024,7,FOX,EARLY,FOX_EARLY,https://506sports.com/2024/07-FOX-E-V2.png,map_archive\2024\week_07\2024_w07_FOX_EARLY_live_02.png,live,2,626142529a2be58a5541294fb444cc52ba9b72e7a4f170a49ac00acdc0c83691,1280,720,https://506sports.com/nfl.php?yr=2024&wk=7,resolved,4,4,,"{""blue"": ""Philadelphia @ NY Giants"", ""green"": ""Seattle @ Atlanta"", ""red"": ""Detroit @ Minnesota"", ""yellow"": ""Miami @ Indianapolis""}",206,206,0,
2024,8,CBS,EARLY,CBS_EARLY,https://506sports.com/2024/08-CBS-E-V2a.png,map_archive\2024\week_08\2024_w08_CBS_EARLY_live_01.png,live,0,d80f11fd47b60759e1191e84b04492ee78ccc9b1bcec495eb18fb1c099883647,1280,720,https://506sports.com/nfl.php?yr=2024&wk=8,resolved,4,4,,"{""blue"": ""Indianapolis @ Houston"", ""green"": ""NY Jets @ New England"", ""red"": ""Philadelphia @ Cincinnati"", ""yellow"": ""Baltimore @ Cleveland""}",206,206,0,
2024,8,CBS,LATE,CBS_LATE,https://506sports.com/2024/08-CBS-L-V2.png,map_archive\2024\week_08\2024_w08_CBS_LATE_live_02.png,live,2,405d671aa6aa89ee179136c2210a9d18c216afbf259d897b6396c3047467593b,1280,720,https://506sports.com/nfl.php?yr=2024&wk=8,resolved,3,3,,"{""blue"": ""Kansas City @ Las Vegas"", ""green"": ""Carolina @ Denver"", ""red"": ""Chicago @ Washington""}",206,206,0,
2024,8,FOX,SINGLE,FOX_SINGLE,https://506sports.com/2024/08-FOX-V2.png,map_archive\2024\week_08\2024_w08_FOX_SINGLE_live_03.png,live,2,153f2dfe1a82b4c34f5a7e5205b48a81d4142afd120f8ede81f2b99b69531cc8,1280,720,https://506sports.com/nfl.php?yr=2024&wk=8,resolved,6,6,,"{""blue"": ""Green Bay @ Jacksonville"", ""green"": ""New Orleans @ LA Chargers (LATE)"", ""light_blue"": ""Arizona @ Miami"", ""orange"": ""Tennessee @ Detroit"", ""red"": ""Buffalo @ Seattle (LATE)"", ""yellow"": ""Atlanta @ Tampa Bay""}",206,206,0,
2024,9,CBS,SINGLE,CBS_SINGLE,https://506sports.com/2024/09-CBS-V2.png,map_archive\2024\week_09\2024_w09_CBS_SINGLE_live_01.png,live,2,be9721d30f9133f5b446795cb9bee0461b2c7c19ffd4696fe86e7e525f0f343b,1280,720,https://506sports.com/nfl.php?yr=2024&wk=9,resolved,6,6,,"{""blue"": ""Chicago @ Arizona (LATE)"", ""green"": ""Miami @ Buffalo"", ""light_blue"": ""New Orleans @ Carolina"", ""orange"": ""LA Chargers @ Cleveland"", ""red"": ""Denver @ Baltimore"", ""yellow"": ""Jacksonville @ Philadelphia (LATE)""}",206,206,0,
2024,9,FOX,EARLY,FOX_EARLY,https://506sports.com/2024/09-FOX-E.png,map_archive\2024\week_09\2024_w09_FOX_EARLY_live_02.png,live,0,0071df5055d303a2e0b57d255096148412d5898d6fe8230de5b2466e12159267,1280,720,https://506sports.com/nfl.php?yr=2024&wk=9,resolved,4,4,,"{""blue"": ""Washington @ NY Giants"", ""green"": ""New England @ Tennessee"", ""red"": ""Dallas @ Atlanta"", ""yellow"": ""Las Vegas @ Cincinnati""}",206,206,0,
2024,9,FOX,LATE,FOX_LATE,https://506sports.com/2024/09-FOX-L-V2.png,map_archive\2024\week_09\2024_w09_FOX_LATE_live_03.png,live,2,b46900fcaaee33e9914e97a93ae6cd04a5c074a448e6c1e2dd103f54555a8854,1280,720,https://506sports.com/nfl.php?yr=2024&wk=9,resolved,2,2,,"{""blue"": ""LA Rams @ Seattle"", ""red"": ""Detroit @ Green Bay""}",206,206,0,
2024,10,CBS,EARLY,CBS_EARLY,https://506sports.com/2024/10-CBS-E.png,map_archive\2024\week_10\2024_w10_CBS_EARLY_live_01.png,live,0,92eb04afcdb3d9b07db90d1bc61fe6f6ff1780a11b787c5a2b84f08529db90e1,1280,720,https://506sports.com/nfl.php?yr=2024&wk=10,partial,3,4,grey,"{""blue"": ""Denver @ Kansas City"", ""green"": ""Buffalo @ Indianapolis"", ""red"": ""Pittsburgh @ Washington""}",206,205,1,
2024,10,CBS,LATE,CBS_LATE,https://506sports.com/2024/10-CBS-L-V2.png,map_archive\2024\week_10\2024_w10_CBS_LATE_live_02.png,live,2,3a3e12d624c6d13fac59510716da04e92950e348151f4e738a2d06d49e9784c3,1280,720,https://506sports.com/nfl.php?yr=2024&wk=10,resolved,2,2,,"{""blue"": ""NY Jets @ Arizona"", ""red"": ""Philadelphia @ Dallas""}",206,206,0,
2024,10,FOX,SINGLE,FOX_SINGLE,https://506sports.com/2024/10-FOX-V4.png,map_archive\2024\week_10\2024_w10_FOX_SINGLE_live_03.png,live,4,ff278a14d22f1781b49dab29634421c79f2f0b4e38a9ab30518251c8392b6d3d,1280,720,https://506sports.com/nfl.php?yr=2024&wk=10,resolved,5,5,,"{""blue"": ""Atlanta @ New Orleans"", ""green"": ""Tennessee @ LA Chargers (LATE)"", ""orange"": ""New England @ Chicago"", ""red"": ""San Francisco @ Tampa Bay"", ""yellow"": ""Minnesota @ Jacksonville""}",206,206,1,
2024,11,CBS,EARLY,CBS_EARLY,https://506sports.com/2024/11-CBS-E-V3.png,map_archive\2024\week_11\2024_w11_CBS_EARLY_live_01.png,live,3,5b5a164d2cd0e5de6a5ad9a0cc7b8423f157427d3fefd2716ca43f7d9c34dc89,1280,720,https://506sports.com/nfl.php?yr=2024&wk=11,resolved,5,5,,"{""blue"": ""Jacksonville @ Detroit"", ""green"": ""Indianapolis @ NY Jets"", ""orange"": ""Las Vegas @ Miami"", ""red"": ""Baltimore @ Pittsburgh"", ""yellow"": ""Minnesota @ Tennessee""}",206,206,0,
2024,11,FOX,SINGLE,FOX_SINGLE,https://506sports.com/2024/11-FOX-V3.png,map_archive\2024\week_11\2024_w11_FOX_SINGLE_live_02.png,live,3,19982d7cf5eaa04cbe92aba50ea83fb2e6dd0e4899df17efa5a1f2b8de4b2163,1280,720,https://506sports.com/nfl.php?yr=2024&wk=11,resolved,5,5,,"{""blue"": ""Seattle @ San Francisco (LATE)"", ""green"": ""Atlanta @ Denver (LATE)"", ""orange"": ""Cleveland @ New Orleans"", ""red"": ""Green Bay @ Chicago"", ""yellow"": ""LA Rams @ New England""}",206,206,1,
2024,12,CBS,SINGLE,CBS_SINGLE,https://506sports.com/2024/12-CBS-V3.png,map_archive\2024\week_12\2024_w12_CBS_SINGLE_live_01.png,live,3,a07406d6cc970b181ba968c87fb6bbc693eefc0b0737825654f74f1aafdba5f4,1280,720,https://506sports.com/nfl.php?yr=2024&wk=12,resolved,5,5,,"{""blue"": ""Denver @ Las Vegas (LATE)"", ""green"": ""Tampa Bay @ NY Giants"", ""orange"": ""Tennessee @ Houston"", ""red"": ""Kansas City @ Carolina"", ""yellow"": ""New England @ Miami""}",206,206,1,
2024,12,FOX,EARLY,FOX_EARLY,https://506sports.com/2024/12-FOX-E-V3.png,map_archive\2024\week_12\2024_w12_FOX_EARLY_live_02.png,live,3,e597aaba0d9778d45f8be58e58c5fe9935c9f836d61086c5c2ad4bd088998ad7,1280,720,https://506sports.com/nfl.php?yr=2024&wk=12,resolved,3,3,,"{""blue"": ""Minnesota @ Chicago"", ""green"": ""Detroit @ Indianapolis"", ""red"": ""Dallas @ Washington""}",206,206,0,
2024,12,FOX,LATE,FOX_LATE,https://506sports.com/2024/12-FOX-L.png,map_archive\2024\week_12\2024_w12_FOX_LATE_live_03.png,live,0,bc23a26f73bb90509c4cac2e4bdaa4b7828a150ef21f171cb66bae43fa4eedc2,1280,720,https://506sports.com/nfl.php?yr=2024&wk=12,resolved,2,2,,"{""blue"": ""Arizona @ Seattle"", ""red"": ""San Francisco @ Green Bay""}",206,206,0,
2024,13,CBS,EARLY,CBS_EARLY,https://506sports.com/2024/13-CBS-E-V2.png,map_archive\2024\week_13\2024_w13_CBS_EARLY_live_01.png,live,2,efc68050e0cfc6f0753478252c650e570fb6a79a7a0f400940fbf40163798229,1280,720,https://506sports.com/nfl.php?yr=2024&wk=13,resolved,4,4,,"{""blue"": ""LA Chargers @ Atlanta"", ""green"": ""Tennessee @ Washington"", ""red"": ""Pittsburgh @ Cincinnati"", ""yellow"": ""Indianapolis @ New England""}",206,206,0,
2024,13,FOX,SINGLE,FOX_SINGLE,https://506sports.com/2024/13-FOX-V2.png,map_archive\2024\week_13\2024_w13_FOX_SINGLE_live_02.png,live,2,3ae4ca4b049908b2b5275de3cf44736ca25deee2cc66788ac32cd8459cd4b7e3,1280,720,https://506sports.com/nfl.php?yr=2024&wk=13,resolved,5,5,,"{""blue"": ""LA Rams @ New Orleans (LATE)"", ""green"": ""Seattle @ NY Jets"", ""orange"": ""Houston @ Jacksonville"", ""red"": ""Arizona @ Minnesota"", ""yellow"": ""Tampa Bay @ Carolina (LATE)""}",206,206,1,
2024,14,CBS,SINGLE,CBS_SINGLE,https://506sports.com/2024/14-CBS-V2.png,map_archive\2024\week_14\2024_w14_CBS_SINGLE_live_01.png,live,2,9439e4e21815570122e241bf73c4ab5eb219c4fa2fc5d1024e955ec964905a83,1280,720,https://506sports.com/nfl.php?yr=2024&wk=14,resolved,5,5,,"{""blue"": ""Seattle @ Arizona (LATE)"", ""green"": ""NY Jets @ Miami"", ""orange"": ""Las Vegas @ Tampa Bay"", ""red"": ""Cleveland @ Pittsburgh"", ""yellow"": ""Jacksonville @ Tennessee""}",206,206,1,
2024,14,FOX,EARLY,FOX_EARLY,https://506sports.com/2024/14-FOX-E-V3.png,map_archive\2024\week_14\2024_w14_FOX_EARLY_live_02.png,live,3,2d7aebb733c656f16933fe73404c3d5e186d294382c7dc123e1b0186b9475f69,1280,720,https://506sports.com/nfl.php?yr=2024&wk=14,resolved,3,3,,"{""blue"": ""Carolina @ Philadelphia"", ""green"": ""New Orleans @ NY Giants"", ""red"": ""Atlanta @ Minnesota""}",206,206,0,
2024,14,FOX,LATE,FOX_LATE,https://506sports.com/2024/14-FOX-L-V2.png,map_archive\2024\week_14\2024_w14_FOX_LATE_live_03.png,live,2,ad4ebc92551e545a34a8569552bb93fcf60aa4fdbedd5382f19b80f50567e87a,1280,720,https://506sports.com/nfl.php?yr=2024&wk=14,resolved,2,2,,"{""blue"": ""Chicago @ San Francisco"", ""red"": ""Buffalo @ LA Rams""}",206,206,0,
2024,15,CBS,EARLY,CBS_EARLY,https://506sports.com/2024/15-CBS-E.png,map_archive\2024\week_15\2024_w15_CBS_EARLY_live_01.png,live,0,d873558066a8812cdf83d247e18b477a7aabbabe995bc3523096bbd364a42a17,1280,720,https://506sports.com/nfl.php?yr=2024&wk=15,resolved,3,3,,"{""blue"": ""Miami @ Houston"", ""green"": ""Baltimore @ NY Giants"", ""red"": ""Kansas City @ Cleveland""}",206,206,1,
2024,15,CBS,LATE,CBS_LATE,https://506sports.com/2024/15-CBS-L-V2.png,map_archive\2024\week_15\2024_w15_CBS_LATE_live_02.png,live,2,262c5025e8b5873359cb0bcec440e1e9875dbdbc4f8e3df56bbee16005bc5103,1280,720,https://506sports.com/nfl.php?yr=2024&wk=15,resolved,3,3,,"{""blue"": ""Indianapolis @ Denver"", ""green"": ""New England @ Arizona"", ""red"": ""Buffalo @ Detroit""}",206,206,0,
2024,15,FOX,EARLY,FOX_EARLY,https://506sports.com/2024/15-FOX-E-V2.png,map_archive\2024\week_15\2024_w15_FOX_EARLY_live_03.png,live,2,dfdd59eacb278351c896e5ef660088ce8ae2285b49abc360a189d84097e26838,1280,720,https://506sports.com/nfl.php?yr=2024&wk=15,resolved,4,4,,"{""blue"": ""Dallas @ Carolina"", ""green"": ""Cincinnati @ Tennessee"", ""red"": ""Washington @ New Orleans"", ""yellow"": ""NY Jets @ Jacksonville""}",206,206,0,
2024,15,FOX,LATE,FOX_LATE,https://506sports.com/2024/15-FOX-L-V2.png,map_archive\2024\week_15\2024_w15_FOX_LATE_live_04.png,live,2,1f99857a816a9f388d0a908b95da813b7a72ae61ca5d299013403181df178ca1,1280,720,https://506sports.com/nfl.php?yr=2024&wk=15,resolved,2,2,,"{""blue"": ""Tampa Bay @ LA Chargers"", ""red"": ""Pittsburgh @ Philadelphia""}",206,206,0,
2024,16,CBS,EARLY,CBS_EARLY,https://506sports.com/2024/16-CBS-E-V3.png,map_archive\2024\week_16\2024_w16_CBS_EARLY_live_01.png,live,3,894ec13d6111d6cbbe6538fae44b34c4df14646dbc806a4d4bb2b1d329fb220d,1280,720,https://506sports.com/nfl.php?yr=2024&wk=16,resolved,3,3,,"{""blue"": ""Cleveland @ Cincinnati"", ""green"": ""Tennessee @ Indianapolis"", ""red"": ""LA Rams @ NY Jets""}",206,204,4,
2024,16,CBS,LATE,CBS_LATE,https://506sports.com/2024/16-CBS-L-V4.png,map_archive\2024\week_16\2024_w16_CBS_LATE_live_02.png,live,4,553117e5cb89de04aa6d7f233aebb114ae9c3a62ed50f035317e1c2e563c2f8a,1280,720,https://506sports.com/nfl.php?yr=2024&wk=16,resolved,3,3,,"{""blue"": ""New England @ Buffalo"", ""green"": ""Jacksonville @ Las Vegas"", ""red"": ""San Francisco @ Miami""}",206,206,1,
2024,16,FOX,SINGLE,FOX_SINGLE,https://506sports.com/2024/16-FOX-V5.png,map_archive\2024\week_16\2024_w16_FOX_SINGLE_live_03.png,live,5,eea752c2355c98ad93b325d4ac8ec8a258d3ab1f38903aaa45b56ea789a5438f,1280,720,https://506sports.com/nfl.php?yr=2024&wk=16,resolved,5,5,,"{""blue"": ""Detroit @ Chicago"", ""green"": ""Minnesota @ Seattle (LATE)"", ""orange"": ""Arizona @ Carolina"", ""red"": ""Philadelphia @ Washington"", ""yellow"": ""NY Giants @ Atlanta""}",206,206,2,
2024,17,CBS,SINGLE,CBS_SINGLE,https://506sports.com/2024/17-CBS.png,map_archive\2024\week_17\2024_w17_CBS_SINGLE_live_01.png,live,0,fa3de7debc67ac3a4503cca5580b0957c714965469d0122ad5d978cafbe44744,1280,720,https://506sports.com/nfl.php?yr=2024&wk=17,resolved,4,4,,"{""blue"": ""Carolina @ Tampa Bay"", ""green"": ""Miami @ Cleveland (LATE)"", ""red"": ""NY Jets @ Buffalo"", ""yellow"": ""Tennessee @ Jacksonville""}",206,206,0,
2024,17,FOX,EARLY,FOX_EARLY,https://506sports.com/2024/17-FOX-E-V2.png,map_archive\2024\week_17\2024_w17_FOX_EARLY_live_02.png,live,2,5743f68812ddb38527eeff5779792caf2ada70a3462b7f797a758411af0cde04,1280,720,https://506sports.com/nfl.php?yr=2024&wk=17,resolved,3,3,,"{""blue"": ""Indianapolis @ NY Giants"", ""green"": ""Las Vegas @ New Orleans"", ""red"": ""Dallas @ Philadelphia""}",206,206,0,
2024,18,CBS,EARLY,CBS_EARLY,https://506sports.com/2024/18-CBS-E-V4.png,map_archive\2024\week_18\2024_w18_CBS_EARLY_live_01.png,live,4,c9201e13b21fcccd45952736d82b7a0dd737404771824c711562718534b2bb61,1280,720,https://506sports.com/nfl.php?yr=2024&wk=18,resolved,4,4,,"{""blue"": ""NY Giants @ Philadelphia"", ""green"": ""Buffalo @ New England"", ""red"": ""Carolina @ Atlanta"", ""yellow"": ""Houston @ Tennessee""}",206,206,0,
2024,18,CBS,LATE,CBS_LATE,https://506sports.com/2024/18-CBS-L.png,map_archive\2024\week_18\2024_w18_CBS_LATE_live_02.png,live,0,4a15d66e9cf69ab6ef3a9f14723e579c5581dd1f7a8f6f0b22b7f508594ee63c,1280,720,https://506sports.com/nfl.php?yr=2024&wk=18,resolved,2,2,,"{""blue"": ""LA Chargers @ Las Vegas"", ""red"": ""Kansas City @ Denver""}",206,206,0,
2024,18,FOX,EARLY,FOX_EARLY,https://506sports.com/2024/18-FOX-E-V3.png,map_archive\2024\week_18\2024_w18_FOX_EARLY_live_03.png,live,3,1c45dad20cec6fb09e23e537588d2b16f58c95bbb5174ed8e9350cb3edec41a9,1280,720,https://506sports.com/nfl.php?yr=2024&wk=18,resolved,4,4,,"{""blue"": ""Washington @ Dallas"", ""green"": ""Chicago @ Green Bay"", ""red"": ""New Orleans @ Tampa Bay"", ""yellow"": ""Jacksonville @ Indianapolis""}",206,206,0,
2024,18,FOX,LATE,FOX_LATE,https://506sports.com/2024/18-FOX-L-V3.png,map_archive\2024\week_18\2024_w18_FOX_LATE_live_04.png,live,3,597b19b0c86967ce900b3d091b91881e1d8deeb14373f5bddcd9c60c33f35c47,1280,720,https://506sports.com/nfl.php?yr=2024&wk=18,resolved,3,3,,"{""blue"": ""Seattle @ LA Rams"", ""green"": ""San Francisco @ Arizona"", ""red"": ""Miami @ NY Jets""}",206,206,0,
2025,1,CBS,EARLY,CBS_EARLY,https://506sports.com/2025/01-CBS-E-V2.png,map_archive\2025\week_01\2025_w01_CBS_EARLY_live_01.png,live,2,595c8ed1ef4080d13beabda7403d47f32dcdd5db79bb935744315a2414b64ba5,1280,720,https://506sports.com/nfl.php?yr=2025&wk=1,resolved,4,4,,"{""blue"": ""Miami @ Indianapolis"", ""green"": ""Las Vegas @ New England"", ""red"": ""Pittsburgh @ NY Jets"", ""yellow"": ""Arizona @ New Orleans""}",206,206,1,
2025,1,CBS,LATE,CBS_LATE,https://506sports.com/2025/01-CBS-L-V2.png,map_archive\2025\week_01\2025_w01_CBS_LATE_live_02.png,live,2,4e3f4c968e2e9ead25457eb7112103aa77cac40df819bd253343aa0b88b4f32e,1280,720,https://506sports.com/nfl.php?yr=2025&wk=1,resolved,2,2,,"{""blue"": ""Houston @ LA Rams"", ""red"": ""Detroit @ Green Bay""}",206,206,0,
2025,1,FOX,SINGLE,FOX_SINGLE,https://506sports.com/2025/01-FOX-V4.png,map_archive\2025\week_01\2025_w01_FOX_SINGLE_live_03.png,live,4,ca0251507e4c0d77ba03c3ce7e46b5c24139dc5873e3e936c35a0c3d4f5dcf0e,1280,720,https://506sports.com/nfl.php?yr=2025&wk=1,resolved,6,6,,"{""blue"": ""San Francisco @ Seattle (LATE)"", ""green"": ""Tampa Bay @ Atlanta"", ""light_blue"": ""Carolina @ Jacksonville"", ""orange"": ""Cincinnati @ Cleveland"", ""red"": ""NY Giants @ Washington"", ""yellow"": ""Tennessee @ Denver (LATE)""}",206,206,1,
2025,2,CBS,SINGLE,CBS_SINGLE,https://506sports.com/2025/02-CBS.png,map_archive\2025\week_02\2025_w02_CBS_SINGLE_live_01.png,live,0,ec48f5a769a6880b21e32dcb27ee3ee77ab63619767faa61afdbcfb73ad39fb9,1280,720,https://506sports.com/nfl.php?yr=2025&wk=2,resolved,7,7,,"{""blue"": ""LA Rams @ Tennessee"", ""green"": ""Denver @ Indianapolis (LATE)"", ""light_blue"": ""Cleveland @ Baltimore"", ""orange"": ""Carolina @ Arizona (LATE)"", ""purple"": ""Jacksonville @ Cincinnati"", ""red"": ""Buffalo @ NY Jets"", ""yellow"": ""New England @ Miami""}",206,206,0,
2025,2,FOX,EARLY,FOX_EARLY,https://506sports.com/2025/02-FOX-E.png,map_archive\2025\week_02\2025_w02_FOX_EARLY_live_02.png,live,0,f9ce9a34fc77e24f1ed462d53dbb8e0e93790c6218928073f4273aab1d7a272a,1280,720,https://506sports.com/nfl.php?yr=2025&wk=2,resolved,4,4,,"{""blue"": ""Chicago @ Detroit"", ""green"": ""Seattle @ Pittsburgh"", ""red"": ""NY Giants @ Dallas"", ""yellow"": ""San Francisco @ New Orleans""}",206,206,0,
2025,3,CBS,SINGLE,CBS_SINGLE,https://506sports.com/2025/03-CBS-V2.png,map_archive\2025\week_03\2025_w03_CBS_SINGLE_live_01.png,live,2,01ae0400b21bebbc51d0ca097a4cc1824edb6330d16228098d53f394aa707b83,1280,720,https://506sports.com/nfl.php?yr=2025&wk=3,resolved,6,6,,"{""blue"": ""Pittsburgh @ New England"", ""green"": ""Denver @ LA Chargers (LATE)"", ""light_blue"": ""Indianapolis @ Tennessee"", ""orange"": ""Houston @ Jacksonville"", ""red"": ""Cincinnati @ Minnesota"", ""yellow"": ""New Orleans @ Seattle (LATE)""}",206,206,0,
2025,3,FOX,EARLY,FOX_EARLY,https://506sports.com/2025/03-FOX-E.png,map_archive\2025\week_03\2025_w03_FOX_EARLY_live_02.png,live,0,f95c3a7ce91a99f7bfedfdb60aca75d9bcba4d0841e162c221ace5f85717cac7,1280,720,https://506sports.com/nfl.php?yr=2025&wk=3,resolved,5,5,,"{""blue"": ""NY Jets @ Tampa Bay"", ""green"": ""Green Bay @ Cleveland"", ""orange"": ""Atlanta @ Carolina"", ""red"": ""LA Rams @ Philadelphia"", ""yellow"": ""Las Vegas @ Washington""}",206,206,0,
2025,3,FOX,LATE,FOX_LATE,https://506sports.com/2025/03-FOX-L.png,map_archive\2025\week_03\2025_w03_FOX_LATE_live_03.png,live,0,358b9f6f7a1bdf5bfc174a026a9e4dc8dfab3da37856f0837b9b7bf40e256040,1280,720,https://506sports.com/nfl.php?yr=2025&wk=3,resolved,2,2,,"{""blue"": ""Arizona @ San Francisco"", ""red"": ""Dallas @ Chicago""}",206,206,0,
2025,4,CBS,EARLY,CBS_EARLY,https://506sports.com/2025/04-CBS-E.png,map_archive\2025\week_04\2025_w04_CBS_EARLY_live_01.png,live,0,2920110f16325fba67677d7a21114f71c430495f4ebdf2fdb0a9d6c787f2c39f,1280,720,https://506sports.com/nfl.php?yr=2025&wk=4,resolved,4,4,,"{""blue"": ""LA Chargers @ NY Giants"", ""green"": ""New Orleans @ Buffalo"", ""red"": ""Washington @ Atlanta"", ""yellow"": ""Tennessee @ Houston""}",206,206,0,
2025,4,CBS,LATE,CBS_LATE,https://506sports.com/2025/04-CBS-L-V2.png,map_archive\2025\week_04\2025_w04_CBS_LATE_live_02.png,live,2,ef591e21c75d71dede871828171c37f80ed8cddf79a2ab88caa674cdf446112c,1280,720,https://506sports.com/nfl.php?yr=2025&wk=4,resolved,2,2,,"{""blue"": ""Chicago @ Las Vegas"", ""red"": ""Baltimore @ Kansas City""}",206,206,0,
2025,4,FOX,SINGLE,FOX_SINGLE,https://506sports.com/2025/04-FOX-V2.png,map_archive\2025\week_04\2025_w04_FOX_SINGLE_live_03.png,live,2,de9eeb7447eb6b0924230b9c6045719f35e68a876d8bd0cdd6528f6fe80319c2,1280,720,https://506sports.com/nfl.php?yr=2025&wk=4,resolved,5,5,,"{""blue"": ""Indianapolis @ LA Rams (LATE)"", ""green"": ""Cleveland @ Detroit"", ""orange"": ""Carolina @ New England"", ""red"": ""Philadelphia @ Tampa Bay"", ""yellow"": ""Jacksonville @ San Francisco (LATE)""}",206,206,0,
2025,5,CBS,SINGLE,CBS_SINGLE,https://506sports.com/2025/05-CBS.png,map_archive\2025\week_05\2025_w05_CBS_SINGLE_live_01.png,live,0,5a2acfcfd6dd0c5862aa03dd4839d2c203d35c6aef486ea34786e3448a544474,1280,720,https://506sports.com/nfl.php?yr=2025&wk=5,resolved,5,5,,"{""blue"": ""Houston @ Baltimore"", ""green"": ""Tampa Bay @ Seattle (LATE)"", ""orange"": ""Tennessee @ Arizona (LATE)"", ""red"": ""Denver @ Philadelphia"", ""yellow"": ""NY Giants @ New Orleans""}",206,206,0,
2025,5,FOX,EARLY,FOX_EARLY,https://506sports.com/2025/05-FOX-E-V2.png,map_archive\2025\week_05\2025_w05_FOX_EARLY_live_02.png,live,2,60bff31edac81a7962431a42d675aca024b844e26774684910bf633f2ea088b7,1280,720,https://506sports.com/nfl.php?yr=2025&wk=5,resolved,3,3,,"{""blue"": ""Las Vegas @ Indianapolis"", ""green"": ""Miami @ Carolina"", ""red"": ""Dallas @ NY Jets""}",206,206,0,
2025,5,FOX,LATE,FOX_LATE,https://506sports.com/2025/05-FOX-L-V2.png,map_archive\2025\week_05\2025_w05_FOX_LATE_live_03.png,live,2,7c53de9de3052e154654ba2801218f1334cecc91397a9ba5f1fc2ea72380ccb8,1280,720,https://506sports.com/nfl.php?yr=2025&wk=5,resolved,2,2,,"{""blue"": ""Detroit @ Cincinnati"", ""red"": ""Washington @ LA Chargers""}",206,206,0,
2025,6,CBS,EARLY,CBS_EARLY,https://506sports.com/2025/06-CBS-E-V2.png,map_archive\2025\week_06\2025_w06_CBS_EARLY_live_01.png,live,2,8772846de293c34a4fdf480006a0b81d5f73a6393802bac2614b5906150e3f58,1280,720,https://506sports.com/nfl.php?yr=2025&wk=6,resolved,3,3,,"{""blue"": ""LA Chargers @ Miami"", ""green"": ""New England @ New Orleans"", ""red"": ""Cleveland @ Pittsburgh""}",206,206,0,
2025,6,CBS,LATE,CBS_LATE,https://506sports.com/2025/06-CBS-L-V4.png,map_archive\2025\week_06\2025_w06_CBS_LATE_live_02.png,live,4,c60d22cec63dc71b6e6d1512b9f6aa4d921d3aa780eb5f52d43e23ba93417d7b,1280,720,https://506sports.com/nfl.php?yr=2025&wk=6,resolved,2,2,,"{""blue"": ""Cincinnati @ Green Bay"", ""red"": ""San Francisco @ Tampa Bay""}",206,206,0,
2025,6,FOX,SINGLE,FOX_SINGLE,https://506sports.com/2025/06-FOX-V2.png,map_archive\2025\week_06\2025_w06_FOX_SINGLE_live_03.png,live,2,fb10c10e93c4de42d17c7f6763ffeccf8ff331793309bbcd2a1ab110a386484b,1280,720,https://506sports.com/nfl.php?yr=2025&wk=6,resolved,5,5,,"{""blue"": ""Dallas @ Carolina"", ""green"": ""Tennessee @ Las Vegas (LATE)"", ""orange"": ""Arizona @ Indianapolis"", ""red"": ""LA Rams @ Baltimore"", ""yellow"": ""Seattle @ Jacksonville""}",206,206,1,
2025,7,CBS,SINGLE,CBS_SINGLE,https://506sports.com/2025/07-CBS-V2.png,map_archive\2025\week_07\2025_w07_CBS_SINGLE_live_01.png,live,2,bf6bd13a8a643e5ea301a267394a5f8a24fcf1a9f4afc7a07eadf1f4147a1f5f,1280,720,https://506sports.com/nfl.php?yr=2025&wk=7,resolved,5,5,,"{""blue"": ""Indianapolis @ LA Chargers (LATE)"", ""green"": ""NY Giants @ Denver (LATE)"", ""orange"": ""Miami @ Cleveland"", ""red"": ""Las Vegas @ Kansas City"", ""yellow"": ""New England @ Tennessee""}",206,206,0,
2025,7,FOX,EARLY,FOX_EARLY,https://506sports.com/2025/07-FOX-E-V2.png,map_archive\2025\week_07\2025_w07_FOX_EARLY_live_02.png,live,2,e5da2eb027149713f6ddb6b9eec42a3073f6068cd5b1d846cc6ce962c0d8658a,1280,720,https://506sports.com/nfl.php?yr=2025&wk=7,resolved,3,3,,"{""blue"": ""New Orleans @ Chicago"", ""green"": ""Carolina @ NY Jets"", ""red"": ""Philadelphia @ Minnesota""}",206,206,0,
2025,7,FOX,LATE,FOX_LATE,https://506sports.com/2025/07-FOX-L-V2.png,map_archive\2025\week_07\2025_w07_FOX_LATE_live_03.png,live,2,155096153d89d2c62fcc076aaa14c13e00e5b1fbe22db4eb9cce3613a017a6b4,1280,720,https://506sports.com/nfl.php?yr=2025&wk=7,resolved,2,2,,"{""blue"": ""Green Bay @ Arizona"", ""red"": ""Washington @ Dallas""}",206,206,0,
2025,8,CBS,EARLY,CBS_EARLY,https://506sports.com/2025/08-CBS-E-V2.png,map_archive\2025\week_08\2025_w08_CBS_EARLY_live_01.png,live,2,51bc9b6a455e4749c81d693ed814d91a1d08b5b86b586ac0a7be65bcb6a0aa2b,1280,720,https://506sports.com/nfl.php?yr=2025&wk=8,resolved,3,3,,"{""blue"": ""Miami @ Atlanta"", ""green"": ""NY Jets @ Cincinnati"", ""red"": ""Chicago @ Baltimore""}",206,206,1,
2025,8,CBS,LATE,CBS_LATE,https://506sports.com/2025/08-CBS-L.png,map_archive\2025\week_08\2025_w08_CBS_LATE_live_02.png,live,0,57f1caad6b7353221eaad9b8c173f1989223ce843878fcd8bfb9124377e84a10,1280,720,https://506sports.com/nfl.php?yr=2025&wk=8,resolved,2,2,,"{""blue"": ""Tennessee @ Indianapolis"", ""red"": ""Dallas @ Denver""}",206,206,0,
2025,8,FOX,SINGLE,FOX_SINGLE,https://506sports.com/2025/08-FOX-V2.png,map_archive\2025\week_08\2025_w08_FOX_SINGLE_live_03.png,live,2,958a2c34416746180042a1cae1856f5f668791c84bdc235ee7199952da34988c,1280,720,https://506sports.com/nfl.php?yr=2025&wk=8,resolved,5,5,,"{""blue"": ""San Francisco @ Houston"", ""green"": ""Tampa Bay @ New Orleans (LATE)"", ""orange"": ""Buffalo @ Carolina"", ""red"": ""NY Giants @ Philadelphia"", ""yellow"": ""Cleveland @ New England""}",206,206,0,
2025,9,CBS,EARLY,CBS_EARLY,https://506sports.com/2025/09-CBS-E-V4.png,map_archive\2025\week_09\2025_w09_CBS_EARLY_live_01.png,live,4,e2848cab3fd63f84b6ae60966a18508000ab50441489b1bb27524b7b2814d5be,1280,720,https://506sports.com/nfl.php?yr=2025&wk=9,resolved,5,5,,"{""blue"": ""San Francisco @ NY Giants"", ""green"": ""Atlanta @ New England"", ""orange"": ""LA Chargers @ Tennessee"", ""red"": ""Indianapolis @ Pittsburgh"", ""yellow"": ""Chicago @ Cincinnati""}",206,206,0,
2025,9,FOX,SINGLE,FOX_SINGLE,https://506sports.com/2025/09-FOX-V3.png,map_archive\2025\week_09\2025_w09_FOX_SINGLE_live_02.png,live,3,8741f6e9173224d0c6c4576c607c86a09ab0352dee859e97e3c73fa1187b9926,1280,720,https://506sports.com/nfl.php?yr=2025&wk=9,resolved,5,5,,"{""blue"": ""Denver @ Houston"", ""green"": ""Carolina @ Green Bay"", ""orange"": ""Jacksonville @ Las Vegas (LATE)"", ""red"": ""Minnesota @ Detroit"", ""yellow"": ""New Orleans @ LA Rams (LATE)""}",206,206,0,
2025,10,CBS,SINGLE,CBS_SINGLE,https://506sports.com/2025/10-CBS-V2.png,map_archive\2025\week_10\2025_w10_CBS_SINGLE_live_01.png,live,2,a1f29b56102a0c2793441effb785e06a4e8ed49302adebf393ea4136dddcd21d,1280,720,https://506sports.com/nfl.php?yr=2025&wk=10,resolved,5,5,,"{""blue"": ""Jacksonville @ Houston"", ""green"": ""Arizona @ Seattle (LATE)"", ""orange"": ""Cleveland @ NY Jets"", ""red"": ""New England @ Tampa Bay"", ""yellow"": ""Buffalo @ Miami""}",206,206,2,
2025,10,FOX,EARLY,FOX_EARLY,https://506sports.com/2025/10-FOX-E-V3.png,map_archive\2025\week_10\2025_w10_FOX_EARLY_live_02.png,live,3,a243dc777d840c584b5097bda4e4ae82a11a52173a75036f9480d3fb96ee6c4d,1280,720,https://506sports.com/nfl.php?yr=2025&wk=10,resolved,3,3,,"{""blue"": ""Baltimore @ Minnesota"", ""green"": ""New Orleans @ Carolina"", ""red"": ""NY Giants @ Chicago""}",206,206,0,
2025,10,FOX,LATE,FOX_LATE,https://506sports.com/2025/10-FOX-L-V2.png,map_archive\2025\week_10\2025_w10_FOX_LATE_live_03.png,live,2,d1f17aac1537e3094c81cb5e015d9d76ecb6af5b6e9658ce39b26bfc96a72f37,1280,720,https://506sports.com/nfl.php?yr=2025&wk=10,resolved,2,2,,"{""blue"": ""Detroit @ Washington"", ""red"": ""LA Rams @ San Francisco""}",206,206,1,
2025,11,CBS,EARLY,CBS_EARLY,https://506sports.com/2025/11-CBS-E-V2.png,map_archive\2025\week_11\2025_w11_CBS_EARLY_live_01.png,live,2,d03485dbcd27b84d733a3b39a92587c630893682182cf6aa7dafff1713533110,1280,720,https://506sports.com/nfl.php?yr=2025&wk=11,resolved,3,3,,"{""blue"": ""Cincinnati @ Pittsburgh"", ""green"": ""LA Chargers @ Jacksonville"", ""red"": ""Tampa Bay @ Buffalo""}",206,206,0,
2025,11,CBS,LATE,CBS_LATE,https://506sports.com/2025/11-CBS-L-V2.png,map_archive\2025\week_11\2025_w11_CBS_LATE_live_02.png,live,2,c26dbe906945a8db050320ce05fbf0878bd8abed7efc96d8143996e21365035e,1280,720,https://506sports.com/nfl.php?yr=2025&wk=11,resolved,2,2,,"{""blue"": ""Baltimore @ Cleveland"", ""red"": ""Kansas City @ Denver""}",206,206,0,
2025,11,FOX,SINGLE,FOX_SINGLE,https://506sports.com/2025/11-FOX-V4.png,map_archive\2025\week_11\2025_w11_FOX_SINGLE_live_03.png,live,4,492fce118352d1ff54a39d5c9d63dcd95737c8cb8a885159d77359cb5dd2d89e,1280,720,https://506sports.com/nfl.php?yr=2025&wk=11,resolved,6,6,,"{""blue"": ""Seattle @ LA Rams (LATE)"", ""green"": ""Green Bay @ NY Giants"", ""light_blue"": ""Houston @ Tennessee"", ""orange"": ""San Francisco @ Arizona (LATE)"", ""red"": ""Chicago @ Minnesota"", ""yellow"": ""Carolina @ Atlanta""}",206,206,2,
2025,12,CBS,SINGLE,CBS_SINGLE,https://506sports.com/2025/12-CBS-V3.png,map_archive\2025\week_12\2025_w12_CBS_SINGLE_live_01.png,live,3,c7a68d5f57b9fc8f0f809dbf2ecc73b403091f628f536225c6840c721c83430c,1280,720,https://506sports.com/nfl.php?yr=2025&wk=12,resolved,6,6,,"{""blue"": ""Pittsburgh @ Chicago"", ""green"": ""New England @ Cincinnati"", ""light_blue"": ""Cleveland @ Las Vegas (LATE)"", ""orange"": ""Jacksonville @ Arizona (LATE)"", ""red"": ""Indianapolis @ Kansas City"", ""yellow"": ""NY Jets @ Baltimore""}",206,206,1,
2025,12,FOX,EARLY,FOX_EARLY,https://506sports.com/2025/12-FOX-E-V2.png,map_archive\2025\week_12\2025_w12_FOX_EARLY_live_02.png,live,2,779982b672c5d465c7a7bd03e9fede2aa71a7dfe894cac295c6f143e3a9c92bd,1280,720,https://506sports.com/nfl.php?yr=2025&wk=12,resolved,3,3,,"{""blue"": ""NY Giants @ Detroit"", ""green"": ""Seattle @ Tennessee"", ""red"": ""Minnesota @ Green Bay""}",206,206,0,
2025,12,FOX,LATE,FOX_LATE,https://506sports.com/2025/12-FOX-L-V2.png,map_archive\2025\week_12\2025_w12_FOX_LATE_live_03.png,live,2,7047a5d103d870ec86e1c38d5117f9d34ab994b12609a3cee000a96e53d1f510,1280,720,https://506sports.com/nfl.php?yr=2025&wk=12,resolved,2,2,,"{""blue"": ""Atlanta @ New Orleans"", ""red"": ""Philadelphia @ Dallas""}",206,206,0,
2025,13,CBS,EARLY,CBS_EARLY,https://506sports.com/2025/13-CBS-E.png,map_archive\2025\week_13\2025_w13_CBS_EARLY_live_01.png,live,0,78f814d75047231ffd7f0bb33dcd67b2fef83029f3d13fbe32bc103cce81b96f,1280,720,https://506sports.com/nfl.php?yr=2025&wk=13,resolved,3,3,,"{""blue"": ""San Francisco @ Cleveland"", ""green"": ""Jacksonville @ Tennessee"", ""red"": ""Houston @ Indianapolis""}",206,206,0,
2025,13,CBS,LATE,CBS_LATE,https://506sports.com/2025/13-CBS-L.png,map_archive\2025\week_13\2025_w13_CBS_LATE_live_02.png,live,0,569d38b3e5b3272a6229c5049cdffabf91f911492440d9964b2e79d359729550,1280,720,https://506sports.com/nfl.php?yr=2025&wk=13,resolved,2,2,,"{""blue"": ""Las Vegas @ LA Chargers"", ""red"": ""Buffalo @ Pittsburgh""}",206,206,0,
2025,13,FOX,SINGLE,FOX_SINGLE,https://506sports.com/2025/13-FOX-V2.png,map_archive\2025\week_13\2025_w13_FOX_SINGLE_live_03.png,live,2,64cc493f4117a38e21e635b711820dee12bc32f3cb8050c3a97fc856c24ed8b8,1280,720,https://506sports.com/nfl.php?yr=2025&wk=13,resolved,5,5,,"{""blue"": ""Minnesota @ Seattle (LATE)"", ""green"": ""Atlanta @ NY Jets"", ""orange"": ""New Orleans @ Miami"", ""red"": ""LA Rams @ Carolina"", ""yellow"": ""Arizona @ Tampa Bay""}",206,206,0,
2025,14,CBS,SINGLE,CBS_SINGLE,https://506sports.com/2025/14-CBS-V3.png,map_archive\2025\week_14\2025_w14_CBS_SINGLE_live_01.png,live,3,6b497c705c3a73d0d027feaeeb898b6136ee976bc6c3f9d7a4a73d84460f0e34,1280,720,https://506sports.com/nfl.php?yr=2025&wk=14,resolved,5,5,,"{""blue"": ""Indianapolis @ Jacksonville"", ""green"": ""New Orleans @ Tampa Bay"", ""orange"": ""Miami @ NY Jets"", ""red"": ""Pittsburgh @ Baltimore"", ""yellow"": ""Denver @ Las Vegas (LATE)""}",206,206,0,
2025,14,FOX,EARLY,FOX_EARLY,https://506sports.com/2025/14-FOX-E-V3.png,map_archive\2025\week_14\2025_w14_FOX_EARLY_live_02.png,live,3,9718e42bd6d5c46bedcdbc765ef0db232f3e418bb9319c66932145d1aec5ecac,1280,720,https://506sports.com/nfl.php?yr=2025&wk=14,resolved,4,4,,"{""blue"": ""Washington @ Minnesota"", ""green"": ""Seattle @ Atlanta"", ""red"": ""Cincinnati @ Buffalo"", ""yellow"": ""Tennessee @ Cleveland""}",206,206,0,
2025,14,FOX,LATE,FOX_LATE,https://506sports.com/2025/14-FOX-L.png,map_archive\2025\week_14\2025_w14_FOX_LATE_live_03.png,live,0,3c88d1df782826f21e2384e8a58139e74473ad2fa657c310d613744bb735db3b,1280,720,https://506sports.com/nfl.php?yr=2025&wk=14,resolved,2,2,,"{""blue"": ""LA Rams @ Arizona"", ""red"": ""Chicago @ Green Bay""}",206,206,0,
2025,15,CBS,EARLY,CBS_EARLY,https://506sports.com/2025/15-CBS-E.png,map_archive\2025\week_15\2025_w15_CBS_EARLY_live_01.png,live,0,6181542b5c077394ff8e771b14b094bd3909d2a7ca4cd340dc6092a93724ef9b,1280,720,https://506sports.com/nfl.php?yr=2025&wk=15,resolved,4,4,,"{""blue"": ""LA Chargers @ Kansas City"", ""green"": ""Baltimore @ Cincinnati"", ""red"": ""Buffalo @ New England"", ""yellow"": ""NY Jets @ Jacksonville""}",206,206,1,
2025,15,CBS,LATE,CBS_LATE,https://506sports.com/2025/15-CBS-L.png,map_archive\2025\week_15\2025_w15_CBS_LATE_live_02.png,live,0,152ac4dc10cee2476f24926953dd61c3944af3c36915ff85e7e6968dee0afefd,1280,720,https://506sports.com/nfl.php?yr=2025&wk=15,resolved,2,2,,"{""blue"": ""Indianapolis @ Seattle"", ""red"": ""Green Bay @ Denver""}",206,206,1,
2025,15,FOX,EARLY,FOX_EARLY,https://506sports.com/2025/15-FOX-E.png,map_archive\2025\week_15\2025_w15_FOX_EARLY_live_03.png,live,0,d9fafee3907002ecc788c882cedd60b08a0c749d0c6a5d5c2be8fbbfb2362024,1280,720,https://506sports.com/nfl.php?yr=2025&wk=15,resolved,4,4,,"{""blue"": ""Cleveland @ Chicago"", ""green"": ""Washington @ NY Giants"", ""red"": ""Las Vegas @ Philadelphia"", ""yellow"": ""Arizona @ Houston""}",206,206,2,
2025,15,FOX,LATE,FOX_LATE,https://506sports.com/2025/15-FOX-L-V2.png,map_archive\2025\week_15\2025_w15_FOX_LATE_live_04.png,live,2,5370a6b1d46589544f56f47ac839c18e300808429e7df1f83cba8a268082cd0f,1280,720,https://506sports.com/nfl.php?yr=2025&wk=15,resolved,3,3,,"{""blue"": ""Tennessee @ San Francisco"", ""green"": ""Carolina @ New Orleans"", ""red"": ""Detroit @ LA Rams""}",206,206,0,
2025,16,CBS,EARLY,CBS_EARLY,https://506sports.com/2025/16-CBS-E.png,map_archive\2025\week_16\2025_w16_CBS_EARLY_live_01.png,live,0,83203a40794bf5edd5f3dd4633a70f75635e982ee9746e4d882b357f86beca5a,1280,720,https://506sports.com/nfl.php?yr=2025&wk=16,resolved,4,4,,"{""blue"": ""Kansas City @ Tennessee"", ""green"": ""Cincinnati @ Miami"", ""red"": ""Buffalo @ Cleveland"", ""yellow"": ""NY Jets @ New Orleans""}",206,206,0,
2025,16,CBS,LATE,CBS_LATE,https://506sports.com/2025/16-CBS-L-V2.png,map_archive\2025\week_16\2025_w16_CBS_LATE_live_02.png,live,2,b6f6bcfd277f8e1f747467c8f686df121c5658b7d554586dc55ebd9b0e34fd96,1280,720,https://506sports.com/nfl.php?yr=2025&wk=16,resolved,2,2,,"{""blue"": ""Las Vegas @ Houston"", ""red"": ""Pittsburgh @ Detroit""}",206,206,0,
2025,16,FOX,SINGLE,FOX_SINGLE,https://506sports.com/2025/16-FOX-V2.png,map_archive\2025\week_16\2025_w16_FOX_SINGLE_live_03.png,live,2,c785fa3c74bec0c58b779d180ab4484201ca19f545c893a75a74d933b986518f,1280,720,https://506sports.com/nfl.php?yr=2025&wk=16,resolved,5,5,,"{""blue"": ""Jacksonville @ Denver (LATE)"", ""green"": ""Minnesota @ NY Giants"", ""orange"": ""Atlanta @ Arizona (LATE)"", ""red"": ""LA Chargers @ Dallas"", ""yellow"": ""Tampa Bay @ Carolina""}",206,206,1,
2025,17,CBS,SINGLE,CBS_SINGLE,https://506sports.com/2025/17-CBS.png,map_archive\2025\week_17\2025_w17_CBS_SINGLE_live_01.png,live,0,629d6456c998dde3038b112630d42021cb0dce00a7ac8e40401349d78facdb5e,1280,720,https://506sports.com/nfl.php?yr=2025&wk=17,resolved,4,4,,"{""blue"": ""Seattle @ Carolina"", ""green"": ""NY Giants @ Las Vegas (LATE)"", ""red"": ""Pittsburgh @ Cleveland"", ""yellow"": ""New Orleans @ Tennessee""}",206,206,0,
2025,17,FOX,EARLY,FOX_EARLY,https://506sports.com/2025/17-FOX-E-V2.png,map_archive\2025\week_17\2025_w17_FOX_EARLY_live_02.png,live,2,ca624e8c50dedefb15627e2bc8bdceb7c0fdd8d7a576ec7c1e8c05217efa1fcf,1280,720,https://506sports.com/nfl.php?yr=2025&wk=17,resolved,4,4,,"{""blue"": ""New England @ NY Jets"", ""green"": ""Tampa Bay @ Miami"", ""red"": ""Jacksonville @ Indianapolis"", ""yellow"": ""Arizona @ Cincinnati""}",206,205,1,
2025,18,CBS,EARLY,CBS_EARLY,https://506sports.com/2025/18-CBS-E-V2.png,map_archive\2025\week_18\2025_w18_CBS_EARLY_live_01.png,live,2,c87ea66feb23b70101317e1baef07a669bcf4b53563a68cca62a1f873b99b07b,1280,720,https://506sports.com/nfl.php?yr=2025&wk=18,resolved,3,3,,"{""blue"": ""Green Bay @ Minnesota"", ""green"": ""Cleveland @ Cincinnati"", ""red"": ""Indianapolis @ Houston""}",206,206,0,
2025,18,CBS,LATE,CBS_LATE,https://506sports.com/2025/18-CBS-L-V3.png,map_archive\2025\week_18\2025_w18_CBS_LATE_live_02.png,live,3,f6664b74e1827ab5bf8b19b45092f42dee3e36968b7e96ee03648f066dadcaeb,1280,720,https://506sports.com/nfl.php?yr=2025&wk=18,resolved,4,4,,"{""blue"": ""Washington @ Philadelphia"", ""green"": ""NY Jets @ Buffalo"", ""red"": ""LA Chargers @ Denver"", ""yellow"": ""Kansas City @ Las Vegas""}",206,206,0,
2025,18,FOX,EARLY,FOX_EARLY,https://506sports.com/2025/18-FOX-E-V4.png,map_archive\2025\week_18\2025_w18_FOX_EARLY_live_03.png,live,4,85b1a4c44639414ff76a19bf0d53378746900057b607be2b351905d5c1915bc6,1280,720,https://506sports.com/nfl.php?yr=2025&wk=18,resolved,3,3,,"{""blue"": ""Tennessee @ Jacksonville"", ""green"": ""New Orleans @ Atlanta"", ""red"": ""Dallas @ NY Giants""}",206,206,0,
2025,18,FOX,LATE,FOX_LATE,https://506sports.com/2025/18-FOX-L.png,map_archive\2025\week_18\2025_w18_FOX_LATE_live_04.png,live,0,8c5ae7051efeefd76a0a478ecc802ff6d29a007b779340c828f2238c13db9bec,1280,720,https://506sports.com/nfl.php?yr=2025&wk=18,resolved,3,3,,"{""blue"": ""Miami @ New England"", ""green"": ""Arizona @ LA Rams"", ""red"": ""Detroit @ Chicago""}",206,206,0,
